date,buy,sell,mid,source,as_of
2020-01-02,4.0207,4.0213,4.021,bcb-ptax-olinda,2020-01-02T13:11:10
2020-01-03,4.0516,4.0522,4.0519,bcb-ptax-olinda,2020-01-03T13:06:22
2020-01-06,4.0548,4.0554,4.0550999999999995,bcb-ptax-olinda,2020-01-06T13:03:22
2020-01-07,4.0835,4.0841,4.0838,bcb-ptax-olinda,2020-01-07T13:06:14
2020-01-08,4.0666,4.0672,4.0669,bcb-ptax-olinda,2020-01-08T13:03:56
2020-01-09,4.0738,4.0744,4.0741,bcb-ptax-olinda,2020-01-09T13:03:52
2020-01-10,4.0739,4.0745,4.074199999999999,bcb-ptax-olinda,2020-01-10T13:10:19
2020-01-13,4.1303,4.1309,4.130599999999999,bcb-ptax-olinda,2020-01-13T13:15:38
2020-01-14,4.1437,4.1443,4.144,bcb-ptax-olinda,2020-01-14T13:02:47
2020-01-15,4.1616,4.1622,4.1619,bcb-ptax-olinda,2020-01-15T13:10:59
2020-01-16,4.172,4.1726,4.1723,bcb-ptax-olinda,2020-01-16T13:04:37
2020-01-17,4.1831,4.1837,4.1834,bcb-ptax-olinda,2020-01-17T13:09:30
2020-01-20,4.1823,4.1829,4.1826,bcb-ptax-olinda,2020-01-20T13:09:02
2020-01-21,4.2008,4.2014,4.2011,bcb-ptax-olinda,2020-01-21T13:27:18
2020-01-22,4.1883,4.1889,4.1886,bcb-ptax-olinda,2020-01-22T13:08:04
2020-01-23,4.1656,4.1662,4.165900000000001,bcb-ptax-olinda,2020-01-23T13:08:34
2020-01-24,4.1763,4.1769,4.1766000000000005,bcb-ptax-olinda,2020-01-24T13:05:24
2020-01-27,4.219,4.2196,4.2193000000000005,bcb-ptax-olinda,2020-01-27T13:08:38
2020-01-28,4.2058,4.2064,4.2061,bcb-ptax-olinda,2020-01-28T13:06:50
2020-01-29,4.2007,4.2013,4.2010000000000005,bcb-ptax-olinda,2020-01-29T13:07:33
2020-01-30,4.2517,4.2523,4.252,bcb-ptax-olinda,2020-01-30T13:02:39
2020-01-31,4.2689,4.2695,4.2692,bcb-ptax-olinda,2020-01-31T13:10:35
2020-02-03,4.2469,4.2475,4.247199999999999,bcb-ptax-olinda,2020-02-03T13:09:28
2020-02-04,4.2375,4.2381,4.2378,bcb-ptax-olinda,2020-02-04T13:04:20
2020-02-05,4.2443,4.2449,4.2446,bcb-ptax-olinda,2020-02-05T13:11:41
2020-02-06,4.2471,4.2477,4.2474,bcb-ptax-olinda,2020-02-06T13:05:35
2020-02-07,4.307,4.3076,4.3073,bcb-ptax-olinda,2020-02-07T13:10:22
2020-02-10,4.3189,4.3195,4.3192,bcb-ptax-olinda,2020-02-10T13:11:54
2020-02-11,4.3142,4.3148,4.3145,bcb-ptax-olinda,2020-02-11T13:05:32
2020-02-12,4.336,4.3366,4.3363,bcb-ptax-olinda,2020-02-12T13:04:06
2020-02-13,4.3383,4.3389,4.3386,bcb-ptax-olinda,2020-02-13T13:03:19
2020-02-14,4.3157,4.3163,4.316,bcb-ptax-olinda,2020-02-14T13:08:03
2020-02-17,4.3151,4.3157,4.3154,bcb-ptax-olinda,2020-02-17T13:11:27
2020-02-18,4.3465,4.3471,4.3468,bcb-ptax-olinda,2020-02-18T13:09:26
2020-02-19,4.3722,4.3728,4.3725000000000005,bcb-ptax-olinda,2020-02-19T13:08:44
2020-02-20,4.3867,4.3873,4.3870000000000005,bcb-ptax-olinda,2020-02-20T13:08:28
2020-02-21,4.3918,4.3924,4.3921,bcb-ptax-olinda,2020-02-21T13:09:36
2020-02-26,4.4353,4.4359,4.4356,bcb-ptax-olinda,2020-02-26T15:42:42
2020-02-27,4.4758,4.4764,4.4761,bcb-ptax-olinda,2020-02-27T13:07:20
2020-02-28,4.4981,4.4987,4.4984,bcb-ptax-olinda,2020-02-28T13:02:27
2020-03-02,4.494,4.4946,4.4943,bcb-ptax-olinda,2020-03-02T13:05:37
2020-03-03,4.4877,4.4883,4.4879999999999995,bcb-ptax-olinda,2020-03-03T13:06:38
2020-03-04,4.5252,4.5258,4.5255,bcb-ptax-olinda,2020-03-04T13:05:28
2020-03-05,4.6201,4.6207,4.6204,bcb-ptax-olinda,2020-03-05T13:08:18
2020-03-06,4.6453,4.6459,4.6456,bcb-ptax-olinda,2020-03-06T13:06:46
2020-03-09,4.7373,4.7379,4.7376000000000005,bcb-ptax-olinda,2020-03-09T13:03:51
2020-03-10,4.6687,4.6693,4.6690000000000005,bcb-ptax-olinda,2020-03-10T13:10:44
2020-03-11,4.6732,4.6738,4.6735,bcb-ptax-olinda,2020-03-11T13:09:36
2020-03-12,4.8825,4.8833,4.8829,bcb-ptax-olinda,2020-03-12T13:04:43
2020-03-13,4.7355,4.7362,4.73585,bcb-ptax-olinda,2020-03-13T13:11:29
2020-03-16,4.9464,4.9471,4.94675,bcb-ptax-olinda,2020-03-16T13:08:35
2020-03-17,5.0489,5.0496,5.04925,bcb-ptax-olinda,2020-03-17T13:05:19
2020-03-18,5.1101,5.1107,5.1104,bcb-ptax-olinda,2020-03-18T13:06:00
2020-03-19,5.1437,5.1444,5.14405,bcb-ptax-olinda,2020-03-19T13:08:32
2020-03-20,5.0241,5.0248,5.02445,bcb-ptax-olinda,2020-03-20T13:03:05
2020-03-23,5.0798,5.0805,5.08015,bcb-ptax-olinda,2020-03-23T13:03:28
2020-03-24,5.0707,5.0713,5.071,bcb-ptax-olinda,2020-03-24T13:10:59
2020-03-25,5.07,5.0706,5.0703,bcb-ptax-olinda,2020-03-25T13:11:38
2020-03-26,5.0004,5.001,5.0007,bcb-ptax-olinda,2020-03-26T13:05:39
2020-03-27,5.1103,5.1109,5.1106,bcb-ptax-olinda,2020-03-27T13:10:27
2020-03-30,5.1588,5.1594,5.1591000000000005,bcb-ptax-olinda,2020-03-30T13:07:22
2020-03-31,5.1981,5.1987,5.1983999999999995,bcb-ptax-olinda,2020-03-31T13:12:19
2020-04-01,5.2399,5.2404,5.24015,bcb-ptax-olinda,2020-04-01T13:08:11
2020-04-02,5.2645,5.2651,5.2648,bcb-ptax-olinda,2020-04-02T13:08:04
2020-04-03,5.2991,5.2997,5.2994,bcb-ptax-olinda,2020-04-03T13:09:31
2020-04-06,5.2465,5.2471,5.2468,bcb-ptax-olinda,2020-04-06T13:07:49
2020-04-07,5.2211,5.2217,5.2214,bcb-ptax-olinda,2020-04-07T13:05:36
2020-04-08,5.2117,5.2123,5.212,bcb-ptax-olinda,2020-04-08T13:05:36
2020-04-09,5.0773,5.0779,5.0776,bcb-ptax-olinda,2020-04-09T13:10:31
2020-04-13,5.1818,5.1824,5.1821,bcb-ptax-olinda,2020-04-13T13:04:46
2020-04-14,5.1852,5.1858,5.1855,bcb-ptax-olinda,2020-04-14T13:07:39
2020-04-15,5.2573,5.2579,5.2576,bcb-ptax-olinda,2020-04-15T13:06:01
2020-04-16,5.2371,5.2377,5.2374,bcb-ptax-olinda,2020-04-16T13:03:37
2020-04-17,5.2567,5.2573,5.257,bcb-ptax-olinda,2020-04-17T13:02:36
2020-04-20,5.2831,5.2837,5.2834,bcb-ptax-olinda,2020-04-20T13:10:32
2020-04-22,5.3841,5.3847,5.384399999999999,bcb-ptax-olinda,2020-04-22T13:09:29
2020-04-23,5.4461,5.4467,5.446400000000001,bcb-ptax-olinda,2020-04-23T13:09:09
2020-04-24,5.6504,5.651,5.6507000000000005,bcb-ptax-olinda,2020-04-24T13:06:58
2020-04-27,5.6352,5.6358,5.6355,bcb-ptax-olinda,2020-04-27T13:04:33
2020-04-28,5.5677,5.5683,5.568,bcb-ptax-olinda,2020-04-28T13:06:32
2020-04-29,5.4285,5.4291,5.4288,bcb-ptax-olinda,2020-04-29T13:09:28
2020-04-30,5.4264,5.427,5.4267,bcb-ptax-olinda,2020-04-30T13:11:00
2020-05-04,5.5811,5.5816,5.5813500000000005,bcb-ptax-olinda,2020-05-04T13:02:32
2020-05-05,5.5348,5.5354,5.5351,bcb-ptax-olinda,2020-05-05T13:10:48
2020-05-06,5.667,5.6676,5.6673,bcb-ptax-olinda,2020-05-06T13:11:17
2020-05-07,5.8359,5.8365,5.8362,bcb-ptax-olinda,2020-05-07T13:04:55
2020-05-08,5.7647,5.7653,5.765000000000001,bcb-ptax-olinda,2020-05-08T13:06:55
2020-05-11,5.7948,5.7954,5.7951,bcb-ptax-olinda,2020-05-11T13:13:38
2020-05-12,5.7717,5.7723,5.772,bcb-ptax-olinda,2020-05-12T13:10:40
2020-05-13,5.9016,5.9022,5.9018999999999995,bcb-ptax-olinda,2020-05-13T13:10:36
2020-05-14,5.9366,5.9372,5.9369,bcb-ptax-olinda,2020-05-14T13:04:37
2020-05-15,5.8223,5.8229,5.8225999999999996,bcb-ptax-olinda,2020-05-15T13:07:28
2020-05-18,5.7369,5.7375,5.7372,bcb-ptax-olinda,2020-05-18T13:03:30
2020-05-19,5.721,5.7216,5.721299999999999,bcb-ptax-olinda,2020-05-19T13:09:50
2020-05-20,5.6962,5.6968,5.6965,bcb-ptax-olinda,2020-05-20T13:11:28
2020-05-21,5.6013,5.6019,5.6015999999999995,bcb-ptax-olinda,2020-05-21T13:02:36
2020-05-22,5.5802,5.5808,5.5805,bcb-ptax-olinda,2020-05-22T13:08:59
2020-05-25,5.4766,5.4772,5.4769000000000005,bcb-ptax-olinda,2020-05-25T13:03:45
2020-05-26,5.3701,5.3707,5.3704,bcb-ptax-olinda,2020-05-26T13:05:56
2020-05-27,5.2986,5.2992,5.2989,bcb-ptax-olinda,2020-05-27T13:08:33
2020-05-28,5.3399,5.3405,5.340199999999999,bcb-ptax-olinda,2020-05-28T13:09:35
2020-05-29,5.4257,5.4263,5.426,bcb-ptax-olinda,2020-05-29T13:09:42
2020-06-01,5.3633,5.3639,5.3636,bcb-ptax-olinda,2020-06-01T13:03:21
2020-06-02,5.2595,5.2601,5.2598,bcb-ptax-olinda,2020-06-02T13:06:52
2020-06-03,5.051,5.0516,5.0512999999999995,bcb-ptax-olinda,2020-06-03T13:02:35
2020-06-04,5.1035,5.1041,5.1038,bcb-ptax-olinda,2020-06-04T13:03:53
2020-06-05,4.9769,4.9775,4.9772,bcb-ptax-olinda,2020-06-05T13:06:27
2020-06-08,4.9325,4.9331,4.9328,bcb-ptax-olinda,2020-06-08T13:06:31
2020-06-09,4.9051,4.9057,4.9054,bcb-ptax-olinda,2020-06-09T13:02:31
2020-06-10,4.8888,4.8894,4.8891,bcb-ptax-olinda,2020-06-10T13:04:28
2020-06-12,5.0367,5.0373,5.037,bcb-ptax-olinda,2020-06-12T13:03:58
2020-06-15,5.1877,5.1883,5.188000000000001,bcb-ptax-olinda,2020-06-15T13:09:09
2020-06-16,5.1279,5.1285,5.1282,bcb-ptax-olinda,2020-06-16T13:04:03
2020-06-17,5.2492,5.2499,5.24955,bcb-ptax-olinda,2020-06-17T13:07:53
2020-06-18,5.3462,5.3468,5.3465,bcb-ptax-olinda,2020-06-18T13:11:36
2020-06-19,5.346,5.3466,5.346299999999999,bcb-ptax-olinda,2020-06-19T13:06:29
2020-06-22,5.222,5.2226,5.222300000000001,bcb-ptax-olinda,2020-06-22T13:10:56
2020-06-23,5.1699,5.1705,5.1701999999999995,bcb-ptax-olinda,2020-06-23T13:04:30
2020-06-24,5.2429,5.2435,5.2432,bcb-ptax-olinda,2020-06-24T13:05:20
2020-06-25,5.3281,5.3287,5.3284,bcb-ptax-olinda,2020-06-25T13:12:10
2020-06-26,5.4623,5.4629,5.4626,bcb-ptax-olinda,2020-06-26T13:12:13
2020-06-29,5.441,5.4416,5.4413,bcb-ptax-olinda,2020-06-29T13:08:41
2020-06-30,5.4754,5.476,5.4757,bcb-ptax-olinda,2020-06-30T13:10:29
2020-07-01,5.3646,5.3651,5.364850000000001,bcb-ptax-olinda,2020-07-01T13:08:47
2020-07-02,5.3022,5.3028,5.3025,bcb-ptax-olinda,2020-07-02T13:02:37
2020-07-03,5.3368,5.3374,5.3370999999999995,bcb-ptax-olinda,2020-07-03T13:04:44
2020-07-06,5.3079,5.3085,5.3082,bcb-ptax-olinda,2020-07-06T13:06:42
2020-07-07,5.3312,5.3318,5.3315,bcb-ptax-olinda,2020-07-07T13:03:21
2020-07-08,5.3476,5.3482,5.3479,bcb-ptax-olinda,2020-07-08T13:02:44
2020-07-09,5.2972,5.2978,5.297499999999999,bcb-ptax-olinda,2020-07-09T13:02:26
2020-07-10,5.3434,5.344,5.3437,bcb-ptax-olinda,2020-07-10T13:11:32
2020-07-13,5.348,5.3486,5.3483,bcb-ptax-olinda,2020-07-13T13:04:35
2020-07-14,5.4282,5.4288,5.4285,bcb-ptax-olinda,2020-07-14T13:07:35
2020-07-15,5.3485,5.3491,5.3488,bcb-ptax-olinda,2020-07-15T13:11:26
2020-07-16,5.3554,5.356,5.355700000000001,bcb-ptax-olinda,2020-07-16T13:02:58
2020-07-17,5.3504,5.351,5.3507,bcb-ptax-olinda,2020-07-17T13:11:17
2020-07-20,5.3629,5.3635,5.3632,bcb-ptax-olinda,2020-07-20T13:07:24
2020-07-21,5.2277,5.2283,5.228,bcb-ptax-olinda,2020-07-21T13:07:50
2020-07-22,5.1105,5.1111,5.1108,bcb-ptax-olinda,2020-07-22T13:06:27
2020-07-23,5.1641,5.1647,5.1644000000000005,bcb-ptax-olinda,2020-07-23T13:02:43
2020-07-24,5.214,5.2146,5.2143,bcb-ptax-olinda,2020-07-24T13:06:39
2020-07-27,5.1883,5.1889,5.1886,bcb-ptax-olinda,2020-07-27T13:09:55
2020-07-28,5.1771,5.1777,5.1774000000000004,bcb-ptax-olinda,2020-07-28T13:09:38
2020-07-29,5.1389,5.1395,5.1392,bcb-ptax-olinda,2020-07-29T13:10:36
2020-07-30,5.1831,5.1837,5.1834,bcb-ptax-olinda,2020-07-30T13:07:49
2020-07-31,5.2027,5.2033,5.202999999999999,bcb-ptax-olinda,2020-07-31T13:10:49
2020-08-03,5.3069,5.3075,5.3072,bcb-ptax-olinda,2020-08-03T13:06:35
2020-08-04,5.3323,5.3329,5.3326,bcb-ptax-olinda,2020-08-04T13:05:21
2020-08-05,5.2754,5.276,5.2757000000000005,bcb-ptax-olinda,2020-08-05T13:11:16
2020-08-06,5.3425,5.3431,5.3428,bcb-ptax-olinda,2020-08-06T13:07:56
2020-08-07,5.4221,5.4227,5.4224,bcb-ptax-olinda,2020-08-07T13:04:36
2020-08-10,5.3927,5.3933,5.393,bcb-ptax-olinda,2020-08-10T13:06:31
2020-08-11,5.4279,5.4285,5.4282,bcb-ptax-olinda,2020-08-11T13:06:57
2020-08-12,5.4545,5.4551,5.4548000000000005,bcb-ptax-olinda,2020-08-12T13:08:37
2020-08-13,5.3795,5.3801,5.3797999999999995,bcb-ptax-olinda,2020-08-13T13:03:41
2020-08-14,5.3846,5.3852,5.3849,bcb-ptax-olinda,2020-08-14T13:04:46
2020-08-17,5.4491,5.4497,5.4494,bcb-ptax-olinda,2020-08-17T13:04:25
2020-08-18,5.4653,5.4659,5.4656,bcb-ptax-olinda,2020-08-18T13:10:27
2020-08-19,5.49,5.4906,5.4902999999999995,bcb-ptax-olinda,2020-08-19T13:04:18
2020-08-20,5.6504,5.651,5.6507000000000005,bcb-ptax-olinda,2020-08-20T13:12:12
2020-08-21,5.6058,5.6064,5.6061,bcb-ptax-olinda,2020-08-21T13:10:47
2020-08-24,5.5948,5.5954,5.5951,bcb-ptax-olinda,2020-08-24T13:07:36
2020-08-25,5.5991,5.5997,5.5994,bcb-ptax-olinda,2020-08-25T13:04:34
2020-08-26,5.5674,5.568,5.5677,bcb-ptax-olinda,2020-08-26T13:09:12
2020-08-27,5.595,5.5956,5.5953,bcb-ptax-olinda,2020-08-27T13:03:22
2020-08-28,5.4673,5.4679,5.4676,bcb-ptax-olinda,2020-08-28T13:03:36
2020-08-31,5.4707,5.4713,5.471,bcb-ptax-olinda,2020-08-31T13:09:40
2020-09-01,5.3726,5.3732,5.3729,bcb-ptax-olinda,2020-09-01T13:03:53
2020-09-02,5.3735,5.3741,5.3738,bcb-ptax-olinda,2020-09-02T13:11:38
2020-09-03,5.3073,5.3079,5.3076,bcb-ptax-olinda,2020-09-03T13:07:19
2020-09-04,5.2842,5.2848,5.2844999999999995,bcb-ptax-olinda,2020-09-04T13:12:57
2020-09-08,5.3692,5.3698,5.3695,bcb-ptax-olinda,2020-09-08T13:03:52
2020-09-09,5.3018,5.3024,5.302099999999999,bcb-ptax-olinda,2020-09-09T13:07:44
2020-09-10,5.293,5.2936,5.2933,bcb-ptax-olinda,2020-09-10T13:08:00
2020-09-11,5.2848,5.2854,5.2851,bcb-ptax-olinda,2020-09-11T13:03:47
2020-09-14,5.2978,5.2984,5.2981,bcb-ptax-olinda,2020-09-14T13:11:26
2020-09-15,5.2722,5.2728,5.2725,bcb-ptax-olinda,2020-09-15T13:05:23
2020-09-16,5.2526,5.2532,5.2529,bcb-ptax-olinda,2020-09-16T13:07:28
2020-09-17,5.2587,5.2593,5.259,bcb-ptax-olinda,2020-09-17T13:08:53
2020-09-18,5.2883,5.2889,5.2886,bcb-ptax-olinda,2020-09-18T13:07:46
2020-09-21,5.4434,5.444,5.4437,bcb-ptax-olinda,2020-09-21T13:04:34
2020-09-22,5.4323,5.4329,5.4326,bcb-ptax-olinda,2020-09-22T13:11:36
2020-09-23,5.5305,5.5311,5.5308,bcb-ptax-olinda,2020-09-23T13:02:28
2020-09-24,5.5708,5.5714,5.5710999999999995,bcb-ptax-olinda,2020-09-24T13:07:27
2020-09-25,5.5661,5.5667,5.5664,bcb-ptax-olinda,2020-09-25T13:09:42
2020-09-28,5.5852,5.5858,5.5855,bcb-ptax-olinda,2020-09-28T13:11:02
2020-09-29,5.6521,5.6528,5.65245,bcb-ptax-olinda,2020-09-29T13:09:39
2020-09-30,5.6401,5.6407,5.6404,bcb-ptax-olinda,2020-09-30T13:06:22
2020-10-01,5.6435,5.6441,5.643800000000001,bcb-ptax-olinda,2020-10-01T13:05:08
2020-10-02,5.6458,5.6464,5.646100000000001,bcb-ptax-olinda,2020-10-02T13:05:45
2020-10-05,5.6293,5.6299,5.6296,bcb-ptax-olinda,2020-10-05T13:09:39
2020-10-06,5.5199,5.5205,5.5202,bcb-ptax-olinda,2020-10-06T13:04:38
2020-10-07,5.6012,5.6018,5.6015,bcb-ptax-olinda,2020-10-07T13:04:21
2020-10-08,5.6194,5.62,5.6197,bcb-ptax-olinda,2020-10-08T13:08:20
2020-10-09,5.5387,5.5393,5.539,bcb-ptax-olinda,2020-10-09T13:10:18
2020-10-13,5.5854,5.5859,5.585649999999999,bcb-ptax-olinda,2020-10-13T13:08:38
2020-10-14,5.5669,5.5675,5.5672,bcb-ptax-olinda,2020-10-14T13:05:44
2020-10-15,5.6166,5.6172,5.6169,bcb-ptax-olinda,2020-10-15T13:04:30
2020-10-16,5.622,5.6226,5.6223,bcb-ptax-olinda,2020-10-16T13:04:22
2020-10-19,5.6017,5.6023,5.602,bcb-ptax-olinda,2020-10-19T13:10:55
2020-10-20,5.5824,5.583,5.5827,bcb-ptax-olinda,2020-10-20T13:05:12
2020-10-21,5.6,5.6006,5.6003,bcb-ptax-olinda,2020-10-21T13:05:00
2020-10-22,5.5814,5.582,5.5817,bcb-ptax-olinda,2020-10-22T13:11:47
2020-10-23,5.6114,5.612,5.6117,bcb-ptax-olinda,2020-10-23T13:10:44
2020-10-26,5.6322,5.6328,5.6325,bcb-ptax-olinda,2020-10-26T13:03:19
2020-10-27,5.6484,5.6491,5.64875,bcb-ptax-olinda,2020-10-27T13:06:36
2020-10-28,5.7319,5.7325,5.732200000000001,bcb-ptax-olinda,2020-10-28T13:03:30
2020-10-29,5.7797,5.7803,5.78,bcb-ptax-olinda,2020-10-29T13:03:31
2020-10-30,5.7712,5.7718,5.7715,bcb-ptax-olinda,2020-10-30T13:08:24
2020-11-03,5.6889,5.6895,5.6892,bcb-ptax-olinda,2020-11-03T13:08:25
2020-11-04,5.6926,5.6932,5.6929,bcb-ptax-olinda,2020-11-04T13:13:38
2020-11-05,5.5618,5.5624,5.5621,bcb-ptax-olinda,2020-11-05T13:09:31
2020-11-06,5.5307,5.5313,5.531000000000001,bcb-ptax-olinda,2020-11-06T13:07:44
2020-11-09,5.2815,5.2821,5.2818000000000005,bcb-ptax-olinda,2020-11-09T13:08:15
2020-11-10,5.369,5.3696,5.3693,bcb-ptax-olinda,2020-11-10T13:02:36
2020-11-11,5.4014,5.402,5.4017,bcb-ptax-olinda,2020-11-11T13:04:31
2020-11-12,5.4088,5.4094,5.4091000000000005,bcb-ptax-olinda,2020-11-12T13:07:25
2020-11-13,5.4848,5.4854,5.4851,bcb-ptax-olinda,2020-11-13T13:04:35
2020-11-16,5.4192,5.4198,5.4195,bcb-ptax-olinda,2020-11-16T13:11:21
2020-11-17,5.3962,5.3968,5.3965,bcb-ptax-olinda,2020-11-17T13:04:24
2020-11-18,5.2926,5.2932,5.2928999999999995,bcb-ptax-olinda,2020-11-18T13:02:46
2020-11-19,5.3324,5.333,5.3327,bcb-ptax-olinda,2020-11-19T13:10:57
2020-11-20,5.3499,5.3505,5.3502,bcb-ptax-olinda,2020-11-20T13:04:31
2020-11-23,5.3822,5.3828,5.3825,bcb-ptax-olinda,2020-11-23T13:03:25
2020-11-24,5.4031,5.4037,5.4033999999999995,bcb-ptax-olinda,2020-11-24T13:03:31
2020-11-25,5.3502,5.3508,5.3505,bcb-ptax-olinda,2020-11-25T13:09:44
2020-11-26,5.3195,5.3201,5.3198,bcb-ptax-olinda,2020-11-26T13:09:53
2020-11-27,5.3488,5.3494,5.3491,bcb-ptax-olinda,2020-11-27T13:04:23
2020-11-30,5.3311,5.3317,5.3314,bcb-ptax-olinda,2020-11-30T13:07:46
2020-12-01,5.2783,5.2789,5.2786,bcb-ptax-olinda,2020-12-01T13:07:29
2020-12-02,5.2261,5.2267,5.2264,bcb-ptax-olinda,2020-12-02T13:04:28
2020-12-03,5.1619,5.1625,5.1622,bcb-ptax-olinda,2020-12-03T13:05:32
2020-12-04,5.17,5.1706,5.1703,bcb-ptax-olinda,2020-12-04T13:05:12
2020-12-07,5.1012,5.1018,5.1015,bcb-ptax-olinda,2020-12-07T13:11:49
2020-12-08,5.0914,5.092,5.0916999999999994,bcb-ptax-olinda,2020-12-08T13:07:00
2020-12-09,5.1103,5.1109,5.1106,bcb-ptax-olinda,2020-12-09T13:10:25
2020-12-10,5.0846,5.0852,5.0849,bcb-ptax-olinda,2020-12-10T13:04:02
2020-12-11,5.0685,5.0691,5.0687999999999995,bcb-ptax-olinda,2020-12-11T13:09:43
2020-12-14,5.0572,5.0578,5.0575,bcb-ptax-olinda,2020-12-14T13:10:24
2020-12-15,5.0962,5.0968,5.0965,bcb-ptax-olinda,2020-12-15T13:07:49
2020-12-16,5.1051,5.1057,5.1053999999999995,bcb-ptax-olinda,2020-12-16T13:09:38
2020-12-17,5.0606,5.0612,5.0609,bcb-ptax-olinda,2020-12-17T13:09:33
2020-12-18,5.098,5.0986,5.0983,bcb-ptax-olinda,2020-12-18T13:11:24
2020-12-21,5.1566,5.1572,5.1569,bcb-ptax-olinda,2020-12-21T13:09:51
2020-12-22,5.1467,5.1473,5.147,bcb-ptax-olinda,2020-12-22T13:09:47
2020-12-23,5.1734,5.174,5.1737,bcb-ptax-olinda,2020-12-23T13:07:33
2020-12-24,5.1785,5.18,5.17925,bcb-ptax-olinda,2020-12-24T11:05:27
2020-12-28,5.2384,5.239,5.2387,bcb-ptax-olinda,2020-12-28T13:12:02
2020-12-29,5.1936,5.1942,5.1939,bcb-ptax-olinda,2020-12-29T13:06:41
2020-12-30,5.1961,5.1967,5.196400000000001,bcb-ptax-olinda,2020-12-30T13:09:38
2020-12-31,5.1961,5.1967,5.196400000000001,bcb-ptax-olinda,2020-12-31T10:03:48
2021-01-04,5.162,5.1626,5.1623,bcb-ptax-olinda,2021-01-04T13:07:33
2021-01-05,5.3263,5.3269,5.3266,bcb-ptax-olinda,2021-01-05T13:11:14
2021-01-06,5.3176,5.3182,5.3179,bcb-ptax-olinda,2021-01-06T13:12:28
2021-01-07,5.3427,5.3433,5.343,bcb-ptax-olinda,2021-01-07T13:11:33
2021-01-08,5.3677,5.3683,5.368,bcb-ptax-olinda,2021-01-08T13:08:31
2021-01-11,5.496,5.4966,5.4963,bcb-ptax-olinda,2021-01-11T13:03:59
2021-01-12,5.4631,5.4637,5.4634,bcb-ptax-olinda,2021-01-12T13:07:38
2021-01-13,5.3064,5.307,5.3067,bcb-ptax-olinda,2021-01-13T13:03:31
2021-01-14,5.2611,5.2617,5.2614,bcb-ptax-olinda,2021-01-14T13:05:07
2021-01-15,5.2708,5.2714,5.271100000000001,bcb-ptax-olinda,2021-01-15T13:02:58
2021-01-18,5.2782,5.2788,5.2785,bcb-ptax-olinda,2021-01-18T13:10:06
2021-01-19,5.2939,5.2945,5.2942,bcb-ptax-olinda,2021-01-19T13:06:50
2021-01-20,5.3027,5.3033,5.303,bcb-ptax-olinda,2021-01-20T13:07:06
2021-01-21,5.316,5.3166,5.3163,bcb-ptax-olinda,2021-01-21T13:06:33
2021-01-22,5.4295,5.4301,5.4298,bcb-ptax-olinda,2021-01-22T13:03:37
2021-01-25,5.5074,5.5089,5.50815,bcb-ptax-olinda,2021-01-25T13:08:46
2021-01-26,5.3859,5.3865,5.3862000000000005,bcb-ptax-olinda,2021-01-26T13:02:34
2021-01-27,5.3818,5.3824,5.382099999999999,bcb-ptax-olinda,2021-01-27T13:04:21
2021-01-28,5.4276,5.4282,5.4279,bcb-ptax-olinda,2021-01-28T13:04:39
2021-01-29,5.4753,5.4759,5.4756,bcb-ptax-olinda,2021-01-29T13:04:37
2021-02-01,5.4602,5.4608,5.4605,bcb-ptax-olinda,2021-02-01T13:08:36
2021-02-02,5.3869,5.3875,5.3872,bcb-ptax-olinda,2021-02-02T13:05:57
2021-02-03,5.3417,5.3423,5.3420000000000005,bcb-ptax-olinda,2021-02-03T13:10:45
2021-02-04,5.3904,5.391,5.3907,bcb-ptax-olinda,2021-02-04T13:10:25
2021-02-05,5.3878,5.3884,5.3881,bcb-ptax-olinda,2021-02-05T13:10:53
2021-02-08,5.3664,5.367,5.3667,bcb-ptax-olinda,2021-02-08T13:05:38
2021-02-09,5.421,5.4216,5.4213000000000005,bcb-ptax-olinda,2021-02-09T13:12:05
2021-02-10,5.4018,5.4024,5.4021,bcb-ptax-olinda,2021-02-10T13:08:47
2021-02-11,5.362,5.3626,5.362299999999999,bcb-ptax-olinda,2021-02-11T13:03:46
2021-02-12,5.3809,5.3815,5.3812,bcb-ptax-olinda,2021-02-12T13:03:15
2021-02-17,5.4132,5.4138,5.4135,bcb-ptax-olinda,2021-02-17T15:35:16
2021-02-18,5.4232,5.4238,5.4235,bcb-ptax-olinda,2021-02-18T13:03:28
2021-02-19,5.3918,5.3924,5.3921,bcb-ptax-olinda,2021-02-19T13:03:33
2021-02-22,5.5038,5.5044,5.5041,bcb-ptax-olinda,2021-02-22T13:05:46
2021-02-23,5.4484,5.449,5.4487000000000005,bcb-ptax-olinda,2021-02-23T13:05:50
2021-02-24,5.4176,5.4182,5.4178999999999995,bcb-ptax-olinda,2021-02-24T13:05:50
2021-02-25,5.4594,5.46,5.4597,bcb-ptax-olinda,2021-02-25T13:09:32
2021-02-26,5.5296,5.5302,5.5299,bcb-ptax-olinda,2021-02-26T13:09:49
2021-03-01,5.5826,5.5832,5.5829,bcb-ptax-olinda,2021-03-01T13:02:42
2021-03-02,5.6838,5.6844,5.6841,bcb-ptax-olinda,2021-03-02T13:02:31
2021-03-03,5.7336,5.7342,5.7339,bcb-ptax-olinda,2021-03-03T13:03:05
2021-03-04,5.6002,5.6008,5.6005,bcb-ptax-olinda,2021-03-04T13:03:41
2021-03-05,5.6864,5.687,5.6867,bcb-ptax-olinda,2021-03-05T13:03:41
2021-03-08,5.7337,5.7343,5.734,bcb-ptax-olinda,2021-03-08T13:09:22
2021-03-09,5.8391,5.8397,5.8393999999999995,bcb-ptax-olinda,2021-03-09T13:02:18
2021-03-10,5.7443,5.7449,5.7446,bcb-ptax-olinda,2021-03-10T13:03:03
2021-03-11,5.5884,5.589,5.5887,bcb-ptax-olinda,2021-03-11T13:09:41
2021-03-12,5.5634,5.564,5.5637,bcb-ptax-olinda,2021-03-12T13:10:24
2021-03-15,5.629,5.6296,5.6293,bcb-ptax-olinda,2021-03-15T13:09:02
2021-03-16,5.5845,5.5851,5.5847999999999995,bcb-ptax-olinda,2021-03-16T13:04:13
2021-03-17,5.6573,5.6579,5.6576,bcb-ptax-olinda,2021-03-17T13:05:58
2021-03-18,5.5468,5.5474,5.5471,bcb-ptax-olinda,2021-03-18T13:12:47
2021-03-19,5.5076,5.5082,5.5079,bcb-ptax-olinda,2021-03-19T13:04:01
2021-03-22,5.5263,5.5269,5.5266,bcb-ptax-olinda,2021-03-22T13:09:34
2021-03-23,5.4945,5.4951,5.4948,bcb-ptax-olinda,2021-03-23T13:04:27
2021-03-24,5.5324,5.533,5.5327,bcb-ptax-olinda,2021-03-24T13:06:00
2021-03-25,5.6579,5.6585,5.6582,bcb-ptax-olinda,2021-03-25T13:08:58
2021-03-26,5.7036,5.7042,5.7039,bcb-ptax-olinda,2021-03-26T13:02:36
2021-03-29,5.7919,5.7925,5.7922,bcb-ptax-olinda,2021-03-29T13:05:47
2021-03-30,5.7636,5.7642,5.7639,bcb-ptax-olinda,2021-03-30T13:10:22
2021-03-31,5.6967,5.6973,5.697,bcb-ptax-olinda,2021-03-31T13:08:42
2021-04-01,5.6843,5.6849,5.6846,bcb-ptax-olinda,2021-04-01T13:06:02
2021-04-05,5.6573,5.6579,5.6576,bcb-ptax-olinda,2021-04-05T13:07:29
2021-04-06,5.6257,5.6263,5.6259999999999994,bcb-ptax-olinda,2021-04-06T13:11:23
2021-04-07,5.5858,5.5864,5.5861,bcb-ptax-olinda,2021-04-07T13:09:02
2021-04-08,5.5811,5.5817,5.5814,bcb-ptax-olinda,2021-04-08T13:07:48
2021-04-09,5.6439,5.6445,5.6442,bcb-ptax-olinda,2021-04-09T13:03:10
2021-04-12,5.6576,5.6582,5.6579,bcb-ptax-olinda,2021-04-12T13:10:02
2021-04-13,5.7058,5.7064,5.7061,bcb-ptax-olinda,2021-04-13T13:03:20
2021-04-14,5.693,5.6936,5.6933,bcb-ptax-olinda,2021-04-14T13:09:37
2021-04-15,5.6228,5.6234,5.6231,bcb-ptax-olinda,2021-04-15T13:05:23
2021-04-16,5.6322,5.6328,5.6325,bcb-ptax-olinda,2021-04-16T13:09:30
2021-04-19,5.5744,5.575,5.5747,bcb-ptax-olinda,2021-04-19T13:05:28
2021-04-20,5.526,5.5266,5.5263,bcb-ptax-olinda,2021-04-20T13:08:50
2021-04-22,5.4964,5.497,5.496700000000001,bcb-ptax-olinda,2021-04-22T13:05:28
2021-04-23,5.4781,5.4787,5.478400000000001,bcb-ptax-olinda,2021-04-23T13:09:33
2021-04-26,5.456,5.4566,5.456300000000001,bcb-ptax-olinda,2021-04-26T13:08:23
2021-04-27,5.4418,5.4424,5.4421,bcb-ptax-olinda,2021-04-27T13:11:50
2021-04-28,5.3999,5.4005,5.4002,bcb-ptax-olinda,2021-04-28T13:06:50
2021-04-29,5.3656,5.3662,5.3659,bcb-ptax-olinda,2021-04-29T13:09:45
2021-04-30,5.403,5.4036,5.4033,bcb-ptax-olinda,2021-04-30T13:11:25
2021-05-03,5.4081,5.4087,5.4084,bcb-ptax-olinda,2021-05-03T13:08:02
2021-05-04,5.4499,5.4505,5.450200000000001,bcb-ptax-olinda,2021-05-04T13:03:40
2021-05-05,5.3866,5.3872,5.3869,bcb-ptax-olinda,2021-05-05T13:02:35
2021-05-06,5.2891,5.2897,5.2894000000000005,bcb-ptax-olinda,2021-05-06T13:06:38
2021-05-07,5.2211,5.2217,5.2214,bcb-ptax-olinda,2021-05-07T13:02:46
2021-05-10,5.2221,5.2227,5.2224,bcb-ptax-olinda,2021-05-10T13:09:31
2021-05-11,5.2397,5.2403,5.24,bcb-ptax-olinda,2021-05-11T13:07:53
2021-05-12,5.2347,5.2353,5.234999999999999,bcb-ptax-olinda,2021-05-12T13:05:50
2021-05-13,5.2809,5.2815,5.2812,bcb-ptax-olinda,2021-05-13T13:03:00
2021-05-14,5.2695,5.2701,5.2698,bcb-ptax-olinda,2021-05-14T13:03:03
2021-05-17,5.2749,5.2755,5.2752,bcb-ptax-olinda,2021-05-17T13:07:28
2021-05-18,5.2582,5.2588,5.2585,bcb-ptax-olinda,2021-05-18T13:06:44
2021-05-19,5.2816,5.2822,5.2819,bcb-ptax-olinda,2021-05-19T13:10:26
2021-05-20,5.2899,5.2905,5.2902000000000005,bcb-ptax-olinda,2021-05-20T13:06:37
2021-05-21,5.3021,5.3027,5.3024000000000004,bcb-ptax-olinda,2021-05-21T13:11:21
2021-05-24,5.3192,5.3198,5.3195,bcb-ptax-olinda,2021-05-24T13:07:26
2021-05-25,5.3137,5.3143,5.314,bcb-ptax-olinda,2021-05-25T13:09:30
2021-05-26,5.3158,5.3164,5.3161000000000005,bcb-ptax-olinda,2021-05-26T13:05:31
2021-05-27,5.2833,5.284,5.28365,bcb-ptax-olinda,2021-05-27T13:11:43
2021-05-28,5.2274,5.2281,5.22775,bcb-ptax-olinda,2021-05-28T13:02:48
2021-05-31,5.2316,5.2322,5.2318999999999996,bcb-ptax-olinda,2021-05-31T13:05:18
2021-06-01,5.163,5.1636,5.1633,bcb-ptax-olinda,2021-06-01T13:06:30
2021-06-02,5.114,5.1147,5.11435,bcb-ptax-olinda,2021-06-02T13:07:32
2021-06-04,5.0661,5.0666,5.06635,bcb-ptax-olinda,2021-06-04T13:06:33
2021-06-07,5.0492,5.0498,5.0495,bcb-ptax-olinda,2021-06-07T13:11:52
2021-06-08,5.0483,5.0489,5.0486,bcb-ptax-olinda,2021-06-08T14:01:39
2021-06-09,5.0527,5.0533,5.053,bcb-ptax-olinda,2021-06-09T13:10:42
2021-06-10,5.0629,5.0635,5.0632,bcb-ptax-olinda,2021-06-10T13:09:29
2021-06-11,5.1184,5.119,5.1187000000000005,bcb-ptax-olinda,2021-06-11T13:02:27
2021-06-14,5.0701,5.0707,5.0704,bcb-ptax-olinda,2021-06-14T13:10:21
2021-06-15,5.0868,5.0874,5.0870999999999995,bcb-ptax-olinda,2021-06-15T13:10:21
2021-06-16,5.0201,5.0207,5.0204,bcb-ptax-olinda,2021-06-16T13:05:01
2021-06-17,5.0353,5.0359,5.0356000000000005,bcb-ptax-olinda,2021-06-17T13:11:28
2021-06-18,5.0308,5.0314,5.0311,bcb-ptax-olinda,2021-06-18T13:11:28
2021-06-21,5.0367,5.0373,5.037,bcb-ptax-olinda,2021-06-21T13:02:54
2021-06-22,5.0172,5.0178,5.0175,bcb-ptax-olinda,2021-06-22T13:04:33
2021-06-23,4.9513,4.9519,4.9516,bcb-ptax-olinda,2021-06-23T13:07:38
2021-06-24,4.9271,4.9277,4.9274000000000004,bcb-ptax-olinda,2021-06-24T13:11:26
2021-06-25,4.92,4.9206,4.9203,bcb-ptax-olinda,2021-06-25T13:05:48
2021-06-28,4.9414,4.942,4.9417,bcb-ptax-olinda,2021-06-28T13:06:23
2021-06-29,4.9444,4.945,4.9447,bcb-ptax-olinda,2021-06-29T13:03:53
2021-06-30,5.0016,5.0022,5.0019,bcb-ptax-olinda,2021-06-30T13:06:37
2021-07-01,5.0049,5.0055,5.0052,bcb-ptax-olinda,2021-07-01T13:03:46
2021-07-02,5.0287,5.0293,5.029,bcb-ptax-olinda,2021-07-02T13:08:30
2021-07-05,5.0743,5.0749,5.0746,bcb-ptax-olinda,2021-07-05T13:03:50
2021-07-06,5.1639,5.1645,5.1642,bcb-ptax-olinda,2021-07-06T13:09:25
2021-07-07,5.2322,5.2328,5.2325,bcb-ptax-olinda,2021-07-07T13:06:38
2021-07-08,5.2581,5.2587,5.2584,bcb-ptax-olinda,2021-07-08T13:11:29
2021-07-09,5.237,5.2393,5.23815,bcb-ptax-olinda,2021-07-09T13:05:46
2021-07-12,5.2233,5.2239,5.2236,bcb-ptax-olinda,2021-07-12T13:05:40
2021-07-13,5.1764,5.177,5.1767,bcb-ptax-olinda,2021-07-13T13:09:24
2021-07-14,5.0874,5.088,5.0877,bcb-ptax-olinda,2021-07-14T13:03:27
2021-07-15,5.0994,5.1,5.0997,bcb-ptax-olinda,2021-07-15T13:09:28
2021-07-16,5.0935,5.0941,5.0938,bcb-ptax-olinda,2021-07-16T13:10:27
2021-07-19,5.1972,5.1978,5.1975,bcb-ptax-olinda,2021-07-19T13:06:31
2021-07-20,5.2459,5.2465,5.2462,bcb-ptax-olinda,2021-07-20T13:08:21
2021-07-21,5.251,5.2516,5.2513000000000005,bcb-ptax-olinda,2021-07-21T13:11:29
2021-07-22,5.1972,5.1978,5.1975,bcb-ptax-olinda,2021-07-22T13:06:20
2021-07-23,5.1695,5.1701,5.1698,bcb-ptax-olinda,2021-07-23T13:02:27
2021-07-26,5.1857,5.1863,5.186,bcb-ptax-olinda,2021-07-26T13:09:24
2021-07-27,5.1663,5.1669,5.1666,bcb-ptax-olinda,2021-07-27T13:08:47
2021-07-28,5.1521,5.1527,5.1524,bcb-ptax-olinda,2021-07-28T13:11:25
2021-07-29,5.0676,5.0682,5.0679,bcb-ptax-olinda,2021-07-29T13:09:30
2021-07-30,5.121,5.1216,5.1213,bcb-ptax-olinda,2021-07-30T13:05:44
2021-08-02,5.1373,5.1379,5.1376,bcb-ptax-olinda,2021-08-02T13:02:33
2021-08-03,5.2458,5.2464,5.2461,bcb-ptax-olinda,2021-08-03T13:11:44
2021-08-04,5.2085,5.2091,5.2088,bcb-ptax-olinda,2021-08-04T13:08:24
2021-08-05,5.1459,5.1464,5.1461500000000004,bcb-ptax-olinda,2021-08-05T13:05:22
2021-08-06,5.2404,5.241,5.2407,bcb-ptax-olinda,2021-08-06T13:11:22
2021-08-09,5.2768,5.2774,5.2771,bcb-ptax-olinda,2021-08-09T13:03:18
2021-08-10,5.2211,5.2217,5.2214,bcb-ptax-olinda,2021-08-10T13:08:48
2021-08-11,5.2007,5.2013,5.2010000000000005,bcb-ptax-olinda,2021-08-11T13:06:20
2021-08-12,5.2345,5.2351,5.2348,bcb-ptax-olinda,2021-08-12T13:03:08
2021-08-13,5.2468,5.2474,5.2471,bcb-ptax-olinda,2021-08-13T13:04:27
2021-08-16,5.2489,5.2495,5.2492,bcb-ptax-olinda,2021-08-16T13:05:49
2021-08-17,5.2579,5.2585,5.2582,bcb-ptax-olinda,2021-08-17T13:10:47
2021-08-18,5.3019,5.3025,5.3022,bcb-ptax-olinda,2021-08-18T13:05:48
2021-08-19,5.4174,5.418,5.4177,bcb-ptax-olinda,2021-08-19T13:07:17
2021-08-20,5.4268,5.4274,5.427099999999999,bcb-ptax-olinda,2021-08-20T13:10:39
2021-08-23,5.368,5.3686,5.3683,bcb-ptax-olinda,2021-08-23T13:10:34
2021-08-24,5.3011,5.3017,5.3014,bcb-ptax-olinda,2021-08-24T13:10:22
2021-08-25,5.2459,5.2465,5.2462,bcb-ptax-olinda,2021-08-25T13:10:40
2021-08-26,5.2423,5.2429,5.2425999999999995,bcb-ptax-olinda,2021-08-26T13:10:49
2021-08-27,5.2194,5.22,5.2197,bcb-ptax-olinda,2021-08-27T13:11:22
2021-08-30,5.1946,5.1952,5.1949000000000005,bcb-ptax-olinda,2021-08-30T13:07:25
2021-08-31,5.1427,5.1433,5.143,bcb-ptax-olinda,2021-08-31T13:10:23
2021-09-01,5.157,5.1576,5.1573,bcb-ptax-olinda,2021-09-01T13:11:06
2021-09-02,5.1729,5.1735,5.1732,bcb-ptax-olinda,2021-09-02T13:11:17
2021-09-03,5.1679,5.1685,5.168200000000001,bcb-ptax-olinda,2021-09-03T13:03:21
2021-09-06,5.1767,5.1773,5.177,bcb-ptax-olinda,2021-09-06T13:06:02
2021-09-08,5.2518,5.2524,5.2521,bcb-ptax-olinda,2021-09-08T13:09:22
2021-09-09,5.2819,5.2825,5.2822,bcb-ptax-olinda,2021-09-09T13:02:42
2021-09-10,5.2152,5.2158,5.2155000000000005,bcb-ptax-olinda,2021-09-10T13:06:44
2021-09-13,5.2184,5.219,5.2187,bcb-ptax-olinda,2021-09-13T13:11:57
2021-09-14,5.2254,5.226,5.2257,bcb-ptax-olinda,2021-09-14T13:05:29
2021-09-15,5.257,5.2576,5.2573,bcb-ptax-olinda,2021-09-15T13:09:33
2021-09-16,5.2588,5.2594,5.2591,bcb-ptax-olinda,2021-09-16T13:07:34
2021-09-17,5.3097,5.3103,5.3100000000000005,bcb-ptax-olinda,2021-09-17T13:05:44
2021-09-20,5.3326,5.3332,5.3329,bcb-ptax-olinda,2021-09-20T13:09:20
2021-09-21,5.3038,5.3044,5.3041,bcb-ptax-olinda,2021-09-21T13:05:29
2021-09-22,5.2777,5.2783,5.2780000000000005,bcb-ptax-olinda,2021-09-22T13:08:29
2021-09-23,5.2885,5.2891,5.2888,bcb-ptax-olinda,2021-09-23T13:03:07
2021-09-24,5.3429,5.3435,5.3431999999999995,bcb-ptax-olinda,2021-09-24T13:03:32
2021-09-27,5.3472,5.3478,5.3475,bcb-ptax-olinda,2021-09-27T13:10:20
2021-09-28,5.42,5.4206,5.4203,bcb-ptax-olinda,2021-09-28T13:02:28
2021-09-29,5.4167,5.4173,5.417,bcb-ptax-olinda,2021-09-29T13:07:36
2021-09-30,5.4388,5.4394,5.4391,bcb-ptax-olinda,2021-09-30T13:08:39
2021-10-01,5.3905,5.3911,5.3908000000000005,bcb-ptax-olinda,2021-10-01T13:09:55
2021-10-04,5.4198,5.4204,5.4201,bcb-ptax-olinda,2021-10-04T13:04:19
2021-10-05,5.4605,5.4611,5.4608,bcb-ptax-olinda,2021-10-05T13:03:21
2021-10-06,5.5091,5.5097,5.509399999999999,bcb-ptax-olinda,2021-10-06T13:06:37
2021-10-07,5.5134,5.514,5.5137,bcb-ptax-olinda,2021-10-07T13:08:32
2021-10-08,5.5078,5.5084,5.5081,bcb-ptax-olinda,2021-10-08T13:09:33
2021-10-11,5.5155,5.5161,5.5158000000000005,bcb-ptax-olinda,2021-10-11T13:11:50
2021-10-13,5.5464,5.5471,5.54675,bcb-ptax-olinda,2021-10-13T13:07:53
2021-10-14,5.4982,5.4988,5.4985,bcb-ptax-olinda,2021-10-14T13:08:19
2021-10-15,5.4504,5.451,5.450699999999999,bcb-ptax-olinda,2021-10-15T13:09:00
2021-10-18,5.5187,5.5193,5.519,bcb-ptax-olinda,2021-10-18T13:10:12
2021-10-19,5.5515,5.5521,5.5518,bcb-ptax-olinda,2021-10-19T13:03:26
2021-10-20,5.5565,5.5571,5.5568,bcb-ptax-olinda,2021-10-20T13:08:38
2021-10-21,5.6417,5.6423,5.6419999999999995,bcb-ptax-olinda,2021-10-21T13:09:24
2021-10-22,5.7111,5.7117,5.7114,bcb-ptax-olinda,2021-10-22T13:04:31
2021-10-25,5.5967,5.5973,5.5969999999999995,bcb-ptax-olinda,2021-10-25T13:08:21
2021-10-26,5.5794,5.58,5.5797,bcb-ptax-olinda,2021-10-26T13:11:02
2021-10-27,5.5661,5.5667,5.5664,bcb-ptax-olinda,2021-10-27T13:11:29
2021-10-28,5.6118,5.6124,5.6121,bcb-ptax-olinda,2021-10-28T13:09:22
2021-10-29,5.6424,5.643,5.6427,bcb-ptax-olinda,2021-10-29T13:10:37
2021-11-01,5.6688,5.6694,5.6691,bcb-ptax-olinda,2021-11-01T13:06:32
2021-11-03,5.6666,5.6672,5.6669,bcb-ptax-olinda,2021-11-03T13:11:45
2021-11-04,5.5936,5.5942,5.5939,bcb-ptax-olinda,2021-11-04T13:05:50
2021-11-05,5.5449,5.5455,5.5451999999999995,bcb-ptax-olinda,2021-11-05T13:09:32
2021-11-08,5.5621,5.5627,5.5624,bcb-ptax-olinda,2021-11-08T13:11:26
2021-11-09,5.4951,5.4957,5.4954,bcb-ptax-olinda,2021-11-09T13:06:40
2021-11-10,5.4584,5.459,5.4587,bcb-ptax-olinda,2021-11-10T13:09:36
2021-11-11,5.4165,5.4171,5.4168,bcb-ptax-olinda,2021-11-11T13:08:27
2021-11-12,5.4193,5.4199,5.4196,bcb-ptax-olinda,2021-11-12T13:10:27
2021-11-16,5.4766,5.4772,5.4769000000000005,bcb-ptax-olinda,2021-11-16T13:10:00
2021-11-17,5.4987,5.4993,5.4990000000000006,bcb-ptax-olinda,2021-11-17T13:05:38
2021-11-18,5.5464,5.547,5.5466999999999995,bcb-ptax-olinda,2021-11-18T13:09:29
2021-11-19,5.5578,5.5584,5.5581,bcb-ptax-olinda,2021-11-19T13:10:31
2021-11-22,5.5835,5.5841,5.5838,bcb-ptax-olinda,2021-11-22T13:08:59
2021-11-23,5.645,5.6456,5.6453,bcb-ptax-olinda,2021-11-23T13:06:27
2021-11-24,5.6021,5.6027,5.602399999999999,bcb-ptax-olinda,2021-11-24T13:10:24
2021-11-25,5.5734,5.574,5.5737000000000005,bcb-ptax-olinda,2021-11-25T13:11:38
2021-11-26,5.5859,5.5865,5.5862,bcb-ptax-olinda,2021-11-26T13:07:20
2021-11-29,5.6112,5.6118,5.6114999999999995,bcb-ptax-olinda,2021-11-29T13:10:42
2021-11-30,5.6193,5.6199,5.6196,bcb-ptax-olinda,2021-11-30T13:08:45
2021-12-01,5.6162,5.6168,5.6165,bcb-ptax-olinda,2021-12-01T13:08:37
2021-12-02,5.6339,5.6345,5.6342,bcb-ptax-olinda,2021-12-02T13:06:24
2021-12-03,5.6426,5.6432,5.6429,bcb-ptax-olinda,2021-12-03T13:09:31
2021-12-06,5.6871,5.6877,5.6874,bcb-ptax-olinda,2021-12-06T13:03:38
2021-12-07,5.6405,5.6411,5.6408000000000005,bcb-ptax-olinda,2021-12-07T13:10:09
2021-12-08,5.5773,5.5779,5.5776,bcb-ptax-olinda,2021-12-08T13:08:22
2021-12-09,5.5558,5.5564,5.5561,bcb-ptax-olinda,2021-12-09T13:06:48
2021-12-10,5.5925,5.5931,5.5928,bcb-ptax-olinda,2021-12-10T13:05:20
2021-12-13,5.6351,5.6357,5.635400000000001,bcb-ptax-olinda,2021-12-13T13:08:20
2021-12-14,5.6455,5.6461,5.6457999999999995,bcb-ptax-olinda,2021-12-14T13:02:44
2021-12-15,5.7121,5.7127,5.712400000000001,bcb-ptax-olinda,2021-12-15T13:02:22
2021-12-16,5.6957,5.6963,5.696,bcb-ptax-olinda,2021-12-16T13:10:33
2021-12-17,5.6953,5.6959,5.6956,bcb-ptax-olinda,2021-12-17T13:04:24
2021-12-20,5.7049,5.7055,5.7052,bcb-ptax-olinda,2021-12-20T13:08:24
2021-12-21,5.7367,5.7372,5.73695,bcb-ptax-olinda,2021-12-21T13:05:52
2021-12-22,5.7195,5.7201,5.7198,bcb-ptax-olinda,2021-12-22T13:11:23
2021-12-23,5.6904,5.691,5.6907,bcb-ptax-olinda,2021-12-23T13:11:33
2021-12-24,5.6541,5.6591,5.656599999999999,bcb-ptax-olinda,2021-12-24T11:04:02
2021-12-27,5.6644,5.665,5.6647,bcb-ptax-olinda,2021-12-27T13:02:39
2021-12-28,5.6432,5.6438,5.6434999999999995,bcb-ptax-olinda,2021-12-28T13:09:32
2021-12-29,5.6613,5.6619,5.6616,bcb-ptax-olinda,2021-12-29T13:09:53
2021-12-30,5.5799,5.5805,5.5802,bcb-ptax-olinda,2021-12-30T13:05:01
2021-12-31,5.5799,5.5805,5.5802,bcb-ptax-olinda,2021-12-31T10:04:20
2022-01-03,5.6303,5.6309,5.630599999999999,bcb-ptax-olinda,2022-01-03T13:11:50
2022-01-04,5.677,5.6776,5.6773,bcb-ptax-olinda,2022-01-04T13:08:59
2022-01-05,5.6622,5.6628,5.6625,bcb-ptax-olinda,2022-01-05T13:07:53
2022-01-06,5.7036,5.7042,5.7039,bcb-ptax-olinda,2022-01-06T13:09:47
2022-01-07,5.6747,5.6753,5.675,bcb-ptax-olinda,2022-01-07T13:02:38
2022-01-10,5.673,5.6736,5.6733,bcb-ptax-olinda,2022-01-10T13:09:59
2022-01-11,5.6345,5.6351,5.6348,bcb-ptax-olinda,2022-01-11T13:05:48
2022-01-12,5.5605,5.5611,5.5608,bcb-ptax-olinda,2022-01-12T13:11:22
2022-01-13,5.524,5.5246,5.5243,bcb-ptax-olinda,2022-01-13T13:11:46
2022-01-14,5.5343,5.5349,5.5346,bcb-ptax-olinda,2022-01-14T13:11:21
2022-01-17,5.5052,5.5058,5.5055,bcb-ptax-olinda,2022-01-17T13:07:26
2022-01-18,5.5207,5.5213,5.521,bcb-ptax-olinda,2022-01-18T13:07:15
2022-01-19,5.4972,5.4978,5.4975000000000005,bcb-ptax-olinda,2022-01-19T13:05:07
2022-01-20,5.416,5.4166,5.4163,bcb-ptax-olinda,2022-01-20T13:04:23
2022-01-21,5.4395,5.4401,5.4398,bcb-ptax-olinda,2022-01-21T13:04:25
2022-01-24,5.4904,5.491,5.4907,bcb-ptax-olinda,2022-01-24T13:07:27
2022-01-25,5.4965,5.4971,5.4968,bcb-ptax-olinda,2022-01-25T13:11:44
2022-01-26,5.4318,5.4324,5.4321,bcb-ptax-olinda,2022-01-26T13:04:29
2022-01-27,5.3806,5.3812,5.3809000000000005,bcb-ptax-olinda,2022-01-27T13:10:49
2022-01-28,5.3948,5.3954,5.3951,bcb-ptax-olinda,2022-01-28T13:07:34
2022-01-31,5.3568,5.3574,5.3571,bcb-ptax-olinda,2022-01-31T13:07:02
2022-02-01,5.2804,5.281,5.2806999999999995,bcb-ptax-olinda,2022-02-01T13:11:36
2022-02-02,5.295,5.2956,5.2953,bcb-ptax-olinda,2022-02-02T13:08:05
2022-02-03,5.3019,5.3025,5.3022,bcb-ptax-olinda,2022-02-03T13:08:37
2022-02-04,5.3278,5.3284,5.3281,bcb-ptax-olinda,2022-02-04T13:07:07
2022-02-07,5.2907,5.2913,5.291,bcb-ptax-olinda,2022-02-07T13:08:01
2022-02-08,5.2693,5.2699,5.2696000000000005,bcb-ptax-olinda,2022-02-08T13:07:58
2022-02-09,5.2729,5.2735,5.2732,bcb-ptax-olinda,2022-02-09T13:11:29
2022-02-10,5.2095,5.2101,5.2097999999999995,bcb-ptax-olinda,2022-02-10T13:08:55
2022-02-11,5.1981,5.1987,5.1983999999999995,bcb-ptax-olinda,2022-02-11T13:03:38
2022-02-14,5.21,5.2106,5.2103,bcb-ptax-olinda,2022-02-14T13:09:33
2022-02-15,5.1875,5.1881,5.1878,bcb-ptax-olinda,2022-02-15T13:05:34
2022-02-16,5.1624,5.163,5.1627,bcb-ptax-olinda,2022-02-16T13:10:37
2022-02-17,5.1559,5.1565,5.1562,bcb-ptax-olinda,2022-02-17T13:12:26
2022-02-18,5.1333,5.1339,5.1335999999999995,bcb-ptax-olinda,2022-02-18T13:05:57
2022-02-21,5.0991,5.0997,5.0994,bcb-ptax-olinda,2022-02-21T13:10:29
2022-02-22,5.0605,5.0611,5.0608,bcb-ptax-olinda,2022-02-22T13:09:33
2022-02-23,5.0137,5.0143,5.014,bcb-ptax-olinda,2022-02-23T13:03:32
2022-02-24,5.1168,5.1174,5.1171,bcb-ptax-olinda,2022-02-24T13:04:46
2022-02-25,5.1388,5.1394,5.1391,bcb-ptax-olinda,2022-02-25T13:10:42
2022-03-02,5.1341,5.1347,5.134399999999999,bcb-ptax-olinda,2022-03-02T15:36:09
2022-03-03,5.0473,5.0479,5.0476,bcb-ptax-olinda,2022-03-03T13:04:52
2022-03-04,5.0752,5.0758,5.0755,bcb-ptax-olinda,2022-03-04T13:09:36
2022-03-07,5.0573,5.0579,5.0576,bcb-ptax-olinda,2022-03-07T13:05:57
2022-03-08,5.0897,5.0903,5.09,bcb-ptax-olinda,2022-03-08T13:07:29
2022-03-09,5.0088,5.0094,5.0091,bcb-ptax-olinda,2022-03-09T13:06:16
2022-03-10,5.0507,5.0513,5.051,bcb-ptax-olinda,2022-03-10T16:48:39
2022-03-11,5.0249,5.0255,5.0252,bcb-ptax-olinda,2022-03-11T13:07:56
2022-03-14,5.0641,5.0647,5.0644,bcb-ptax-olinda,2022-03-14T13:03:12
2022-03-15,5.1308,5.1314,5.1311,bcb-ptax-olinda,2022-03-15T13:03:52
2022-03-16,5.1281,5.1287,5.1284,bcb-ptax-olinda,2022-03-16T13:03:52
2022-03-17,5.0758,5.0764,5.0761,bcb-ptax-olinda,2022-03-17T16:48:38
2022-03-18,5.0405,5.0411,5.0408,bcb-ptax-olinda,2022-03-18T13:06:29
2022-03-21,4.966,4.9666,4.9663,bcb-ptax-olinda,2022-03-21T14:00:57
2022-03-22,4.9202,4.9208,4.9205000000000005,bcb-ptax-olinda,2022-03-22T14:32:26
2022-03-23,4.8698,4.8704,4.8701,bcb-ptax-olinda,2022-03-23T15:44:06
2022-03-24,4.8061,4.8067,4.8064,bcb-ptax-olinda,2022-03-24T14:51:17
2022-03-25,4.7776,4.7782,4.7779,bcb-ptax-olinda,2022-03-25T17:47:18
2022-03-28,4.7899,4.7905,4.7902000000000005,bcb-ptax-olinda,2022-03-28T17:46:38
2022-03-29,4.748,4.7486,4.7483,bcb-ptax-olinda,2022-03-29T15:02:02
2022-03-30,4.7491,4.7497,4.7494,bcb-ptax-olinda,2022-03-30T16:32:07
2022-03-31,4.7372,4.7378,4.7375,bcb-ptax-olinda,2022-03-31T14:36:26
2022-04-01,4.6978,4.6984,4.6981,bcb-ptax-olinda,2022-04-01T17:35:59
2022-04-04,4.6169,4.6175,4.6172,bcb-ptax-olinda,2022-04-04T16:00:14
2022-04-05,4.6394,4.64,4.6396999999999995,bcb-ptax-olinda,2022-04-05T17:16:09
2022-04-06,4.6961,4.6967,4.696400000000001,bcb-ptax-olinda,2022-04-06T15:05:57
2022-04-07,4.7416,4.7422,4.7419,bcb-ptax-olinda,2022-04-07T14:11:06
2022-04-08,4.7507,4.7513,4.7509999999999994,bcb-ptax-olinda,2022-04-08T16:18:04
2022-04-11,4.7019,4.7025,4.7021999999999995,bcb-ptax-olinda,2022-04-11T15:43:03
2022-04-12,4.6477,4.6483,4.648,bcb-ptax-olinda,2022-04-12T17:05:36
2022-04-13,4.6805,4.6811,4.6808,bcb-ptax-olinda,2022-04-13T16:13:06
2022-04-14,4.7152,4.7158,4.7155000000000005,bcb-ptax-olinda,2022-04-14T17:11:02
2022-04-18,4.674,4.6746,4.674300000000001,bcb-ptax-olinda,2022-04-18T17:41:39
2022-04-19,4.6658,4.6664,4.6661,bcb-ptax-olinda,2022-04-19T15:38:04
2022-04-20,4.6391,4.6397,4.6394,bcb-ptax-olinda,2022-04-20T14:18:24
2022-04-22,4.732,4.7326,4.7323,bcb-ptax-olinda,2022-04-22T14:39:05
2022-04-25,4.8812,4.8818,4.8815,bcb-ptax-olinda,2022-04-25T15:12:42
2022-04-26,4.966,4.9666,4.9663,bcb-ptax-olinda,2022-04-26T13:37:30
2022-04-27,5.0161,5.0167,5.0164,bcb-ptax-olinda,2022-04-27T16:16:00
2022-04-28,5.0104,5.011,5.0107,bcb-ptax-olinda,2022-04-28T15:27:33
2022-04-29,4.9185,4.9191,4.9188,bcb-ptax-olinda,2022-04-29T16:18:41
2022-05-02,5.026,5.0266,5.0263,bcb-ptax-olinda,2022-05-02T15:57:38
2022-05-03,5.0161,5.0167,5.0164,bcb-ptax-olinda,2022-05-03T16:10:11
2022-05-04,5.0087,5.0093,5.009,bcb-ptax-olinda,2022-05-04T15:35:11
2022-05-05,5.0045,5.0051,5.0047999999999995,bcb-ptax-olinda,2022-05-05T17:33:19
2022-05-06,5.0744,5.075,5.0747,bcb-ptax-olinda,2022-05-06T17:46:43
2022-05-09,5.1334,5.134,5.1337,bcb-ptax-olinda,2022-05-09T15:14:40
2022-05-10,5.1384,5.139,5.1387,bcb-ptax-olinda,2022-05-10T17:00:24
2022-05-11,5.1238,5.1244,5.1241,bcb-ptax-olinda,2022-05-11T15:32:26
2022-05-12,5.1476,5.1482,5.1479,bcb-ptax-olinda,2022-05-12T13:27:48
2022-05-13,5.1069,5.1075,5.107200000000001,bcb-ptax-olinda,2022-05-13T17:28:27
2022-05-16,5.066,5.0666,5.0663,bcb-ptax-olinda,2022-05-16T17:40:33
2022-05-17,4.967,4.9676,4.9673,bcb-ptax-olinda,2022-05-17T17:51:39
2022-05-18,4.9586,4.9592,4.9589,bcb-ptax-olinda,2022-05-18T17:40:40
2022-05-19,4.9192,4.9198,4.9195,bcb-ptax-olinda,2022-05-19T17:40:35
2022-05-20,4.8771,4.8777,4.8774,bcb-ptax-olinda,2022-05-20T17:26:43
2022-05-23,4.7967,4.7973,4.797000000000001,bcb-ptax-olinda,2022-05-23T17:44:34
2022-05-24,4.81,4.8106,4.8103,bcb-ptax-olinda,2022-05-24T17:30:50
2022-05-25,4.8353,4.8359,4.8355999999999995,bcb-ptax-olinda,2022-05-25T17:45:25
2022-05-26,4.7961,4.7967,4.7964,bcb-ptax-olinda,2022-05-26T17:45:52
2022-05-27,4.7428,4.7434,4.7431,bcb-ptax-olinda,2022-05-27T17:51:07
2022-05-30,4.721,4.7216,4.721299999999999,bcb-ptax-olinda,2022-05-30T17:45:07
2022-05-31,4.7283,4.7289,4.7286,bcb-ptax-olinda,2022-05-31T15:23:56
2022-06-01,4.7759,4.7765,4.7762,bcb-ptax-olinda,2022-06-01T17:29:06
2022-06-02,4.7873,4.7879,4.787599999999999,bcb-ptax-olinda,2022-06-02T17:40:44
2022-06-03,4.795,4.7956,4.7953,bcb-ptax-olinda,2022-06-03T17:49:42
2022-06-06,4.7833,4.7839,4.7836,bcb-ptax-olinda,2022-06-06T17:44:31
2022-06-07,4.8903,4.8909,4.8906,bcb-ptax-olinda,2022-06-07T17:45:37
2022-06-08,4.8705,4.8711,4.8708,bcb-ptax-olinda,2022-06-08T17:43:05
2022-06-09,4.8945,4.8951,4.8948,bcb-ptax-olinda,2022-06-09T17:46:58
2022-06-10,4.983,4.9836,4.9833,bcb-ptax-olinda,2022-06-10T14:17:28
2022-06-13,5.1027,5.1033,5.103,bcb-ptax-olinda,2022-06-13T17:02:35
2022-06-14,5.1197,5.1203,5.12,bcb-ptax-olinda,2022-06-14T13:13:09
2022-06-15,5.1113,5.1119,5.1116,bcb-ptax-olinda,2022-06-15T13:04:27
2022-06-17,5.1307,5.1313,5.131,bcb-ptax-olinda,2022-06-17T17:40:40
2022-06-20,5.1635,5.1641,5.1638,bcb-ptax-olinda,2022-06-20T17:29:21
2022-06-21,5.1456,5.1462,5.1459,bcb-ptax-olinda,2022-06-21T17:34:35
2022-06-22,5.1503,5.1509,5.1506,bcb-ptax-olinda,2022-06-22T17:30:05
2022-06-23,5.1827,5.1833,5.183,bcb-ptax-olinda,2022-06-23T17:29:56
2022-06-24,5.2328,5.2334,5.2331,bcb-ptax-olinda,2022-06-24T17:30:09
2022-06-27,5.2208,5.2214,5.2211,bcb-ptax-olinda,2022-06-27T17:30:26
2022-06-28,5.2173,5.2179,5.2176,bcb-ptax-olinda,2022-06-28T17:30:22
2022-06-29,5.2262,5.2268,5.2265,bcb-ptax-olinda,2022-06-29T17:29:44
2022-06-30,5.2374,5.238,5.2377,bcb-ptax-olinda,2022-06-30T14:12:37
2022-07-01,5.3136,5.3142,5.3139,bcb-ptax-olinda,2022-07-01T17:30:30
2022-07-04,5.3032,5.3038,5.3035,bcb-ptax-olinda,2022-07-04T17:45:05
2022-07-05,5.3893,5.3899,5.3896,bcb-ptax-olinda,2022-07-05T13:04:41
2022-07-06,5.4315,5.4321,5.4318,bcb-ptax-olinda,2022-07-06T13:04:56
2022-07-07,5.3634,5.364,5.3637,bcb-ptax-olinda,2022-07-07T13:12:50
2022-07-08,5.308,5.3086,5.3083,bcb-ptax-olinda,2022-07-08T13:07:51
2022-07-11,5.3471,5.3477,5.3474,bcb-ptax-olinda,2022-07-11T13:09:17
2022-07-12,5.4114,5.412,5.4117,bcb-ptax-olinda,2022-07-12T13:08:49
2022-07-13,5.3987,5.3992,5.39895,bcb-ptax-olinda,2022-07-13T13:08:51
2022-07-14,5.4562,5.4568,5.4565,bcb-ptax-olinda,2022-07-14T13:10:34
2022-07-15,5.4008,5.4014,5.4011,bcb-ptax-olinda,2022-07-15T13:10:05
2022-07-18,5.3669,5.3675,5.3672,bcb-ptax-olinda,2022-07-18T13:07:28
2022-07-19,5.3898,5.3904,5.3901,bcb-ptax-olinda,2022-07-19T13:10:26
2022-07-20,5.4282,5.4288,5.4285,bcb-ptax-olinda,2022-07-20T13:09:30
2022-07-21,5.4744,5.475,5.4747,bcb-ptax-olinda,2022-07-21T13:03:29
2022-07-22,5.4516,5.4522,5.4519,bcb-ptax-olinda,2022-07-22T13:10:35
2022-07-25,5.4138,5.4144,5.4140999999999995,bcb-ptax-olinda,2022-07-25T13:10:35
2022-07-26,5.3602,5.3608,5.3605,bcb-ptax-olinda,2022-07-26T13:05:44
2022-07-27,5.3068,5.3074,5.3071,bcb-ptax-olinda,2022-07-27T13:09:27
2022-07-28,5.2143,5.2149,5.2146,bcb-ptax-olinda,2022-07-28T13:04:20
2022-07-29,5.1878,5.1884,5.1881,bcb-ptax-olinda,2022-07-29T13:03:53
2022-08-01,5.16,5.1606,5.160299999999999,bcb-ptax-olinda,2022-08-01T13:06:46
2022-08-02,5.2323,5.2329,5.2326,bcb-ptax-olinda,2022-08-02T13:02:54
2022-08-03,5.284,5.2846,5.2843,bcb-ptax-olinda,2022-08-03T13:07:19
2022-08-04,5.2403,5.2409,5.240600000000001,bcb-ptax-olinda,2022-08-04T13:08:35
2022-08-05,5.2159,5.2165,5.216200000000001,bcb-ptax-olinda,2022-08-05T13:08:35
2022-08-08,5.1241,5.1247,5.1244,bcb-ptax-olinda,2022-08-08T13:02:50
2022-08-09,5.1218,5.1224,5.1221,bcb-ptax-olinda,2022-08-09T13:09:16
2022-08-10,5.0491,5.0497,5.0494,bcb-ptax-olinda,2022-08-10T13:05:56
2022-08-11,5.1121,5.1127,5.1124,bcb-ptax-olinda,2022-08-11T13:04:23
2022-08-12,5.1017,5.1023,5.102,bcb-ptax-olinda,2022-08-12T13:10:45
2022-08-15,5.0919,5.0925,5.0922,bcb-ptax-olinda,2022-08-15T13:11:49
2022-08-16,5.1334,5.134,5.1337,bcb-ptax-olinda,2022-08-16T13:02:21
2022-08-17,5.1779,5.1784,5.1781500000000005,bcb-ptax-olinda,2022-08-17T13:03:45
2022-08-18,5.1767,5.1773,5.177,bcb-ptax-olinda,2022-08-18T13:09:55
2022-08-19,5.1955,5.1961,5.1958,bcb-ptax-olinda,2022-08-19T13:08:28
2022-08-22,5.1703,5.1709,5.1706,bcb-ptax-olinda,2022-08-22T13:08:17
2022-08-23,5.1024,5.103,5.1027000000000005,bcb-ptax-olinda,2022-08-23T13:03:32
2022-08-24,5.1044,5.105,5.1047,bcb-ptax-olinda,2022-08-24T13:06:41
2022-08-25,5.1167,5.1173,5.117,bcb-ptax-olinda,2022-08-25T13:11:37
2022-08-26,5.0897,5.0903,5.09,bcb-ptax-olinda,2022-08-26T13:07:47
2022-08-29,5.0423,5.0428,5.04255,bcb-ptax-olinda,2022-08-29T13:08:40
2022-08-30,5.0611,5.0617,5.0614,bcb-ptax-olinda,2022-08-30T13:05:26
2022-08-31,5.1784,5.179,5.1787,bcb-ptax-olinda,2022-08-31T13:11:50
2022-09-01,5.2001,5.2007,5.2004,bcb-ptax-olinda,2022-09-01T13:03:45
2022-09-02,5.1872,5.1878,5.1875,bcb-ptax-olinda,2022-09-02T13:04:32
2022-09-05,5.168,5.1686,5.1683,bcb-ptax-olinda,2022-09-05T13:07:49
2022-09-06,5.2222,5.2228,5.2225,bcb-ptax-olinda,2022-09-06T13:07:31
2022-09-08,5.2149,5.2155,5.215199999999999,bcb-ptax-olinda,2022-09-08T13:03:34
2022-09-09,5.1627,5.1633,5.163,bcb-ptax-olinda,2022-09-09T13:04:40
2022-09-12,5.1177,5.1183,5.118,bcb-ptax-olinda,2022-09-12T13:04:46
2022-09-13,5.1788,5.1794,5.1791,bcb-ptax-olinda,2022-09-13T13:03:42
2022-09-14,5.1768,5.1774,5.177099999999999,bcb-ptax-olinda,2022-09-14T13:03:34
2022-09-15,5.2205,5.2211,5.2208000000000006,bcb-ptax-olinda,2022-09-15T13:09:34
2022-09-16,5.2876,5.2882,5.2879000000000005,bcb-ptax-olinda,2022-09-16T13:05:37
2022-09-19,5.2361,5.2367,5.2364,bcb-ptax-olinda,2022-09-19T13:04:15
2022-09-20,5.1699,5.1705,5.1701999999999995,bcb-ptax-olinda,2022-09-20T13:11:23
2022-09-21,5.1686,5.1692,5.1689,bcb-ptax-olinda,2022-09-21T13:07:23
2022-09-22,5.1671,5.1677,5.1674,bcb-ptax-olinda,2022-09-22T13:11:26
2022-09-23,5.2251,5.2257,5.2254000000000005,bcb-ptax-olinda,2022-09-23T13:07:25
2022-09-26,5.3542,5.3548,5.3545,bcb-ptax-olinda,2022-09-26T13:03:25
2022-09-27,5.3502,5.3508,5.3505,bcb-ptax-olinda,2022-09-27T13:05:39
2022-09-28,5.3588,5.3594,5.3591,bcb-ptax-olinda,2022-09-28T13:10:42
2022-09-29,5.391,5.3916,5.3913,bcb-ptax-olinda,2022-09-29T13:09:31
2022-09-30,5.406,5.4066,5.4063,bcb-ptax-olinda,2022-09-30T13:11:25
2022-10-03,5.1996,5.2002,5.1998999999999995,bcb-ptax-olinda,2022-10-03T13:11:21
2022-10-04,5.1405,5.1411,5.1408000000000005,bcb-ptax-olinda,2022-10-04T13:08:44
2022-10-05,5.2138,5.2144,5.2141,bcb-ptax-olinda,2022-10-05T13:10:18
2022-10-06,5.2002,5.2009,5.20055,bcb-ptax-olinda,2022-10-06T13:12:56
2022-10-07,5.2215,5.2221,5.2218,bcb-ptax-olinda,2022-10-07T13:09:26
2022-10-10,5.1935,5.1941,5.1937999999999995,bcb-ptax-olinda,2022-10-10T13:10:22
2022-10-11,5.2061,5.2068,5.20645,bcb-ptax-olinda,2022-10-11T13:07:18
2022-10-13,5.3011,5.3017,5.3014,bcb-ptax-olinda,2022-10-13T13:11:27
2022-10-14,5.2818,5.2824,5.2821,bcb-ptax-olinda,2022-10-14T13:09:47
2022-10-17,5.2707,5.2713,5.271,bcb-ptax-olinda,2022-10-17T13:05:45
2022-10-18,5.2691,5.2697,5.2694,bcb-ptax-olinda,2022-10-18T13:05:36
2022-10-19,5.2802,5.2808,5.2805,bcb-ptax-olinda,2022-10-19T13:08:05
2022-10-20,5.217,5.2176,5.2173,bcb-ptax-olinda,2022-10-20T13:02:47
2022-10-21,5.1913,5.1919,5.1916,bcb-ptax-olinda,2022-10-21T13:17:55
2022-10-24,5.2738,5.2744,5.2741,bcb-ptax-olinda,2022-10-24T13:05:20
2022-10-25,5.3085,5.3091,5.3088,bcb-ptax-olinda,2022-10-25T13:07:14
2022-10-26,5.3242,5.3248,5.3245000000000005,bcb-ptax-olinda,2022-10-26T13:04:30
2022-10-27,5.2997,5.3003,5.3,bcb-ptax-olinda,2022-10-27T13:06:30
2022-10-28,5.3449,5.3454,5.34515,bcb-ptax-olinda,2022-10-28T13:02:58
2022-10-31,5.2564,5.257,5.2567,bcb-ptax-olinda,2022-10-31T13:04:22
2022-11-01,5.1494,5.15,5.1497,bcb-ptax-olinda,2022-11-01T13:10:55
2022-11-03,5.1343,5.1349,5.1346,bcb-ptax-olinda,2022-11-03T13:02:52
2022-11-04,5.0354,5.036,5.0357,bcb-ptax-olinda,2022-11-04T13:03:16
2022-11-07,5.088,5.0886,5.0883,bcb-ptax-olinda,2022-11-07T13:02:54
2022-11-08,5.1738,5.1744,5.1741,bcb-ptax-olinda,2022-11-08T13:04:00
2022-11-09,5.1623,5.1629,5.162599999999999,bcb-ptax-olinda,2022-11-09T13:08:44
2022-11-10,5.3058,5.3064,5.3061,bcb-ptax-olinda,2022-11-10T13:10:24
2022-11-11,5.3045,5.3051,5.3048,bcb-ptax-olinda,2022-11-11T13:09:19
2022-11-14,5.3007,5.3013,5.301,bcb-ptax-olinda,2022-11-14T13:08:19
2022-11-16,5.3198,5.3204,5.3201,bcb-ptax-olinda,2022-11-16T13:08:18
2022-11-17,5.4649,5.4655,5.465199999999999,bcb-ptax-olinda,2022-11-17T13:02:22
2022-11-18,5.3471,5.3477,5.3474,bcb-ptax-olinda,2022-11-18T13:11:20
2022-11-21,5.3253,5.3259,5.3256,bcb-ptax-olinda,2022-11-21T13:10:12
2022-11-22,5.3333,5.3339,5.333600000000001,bcb-ptax-olinda,2022-11-22T13:03:34
2022-11-23,5.3924,5.393,5.3927,bcb-ptax-olinda,2022-11-23T13:06:31
2022-11-24,5.3143,5.3149,5.3146,bcb-ptax-olinda,2022-11-24T13:06:20
2022-11-25,5.3502,5.3508,5.3505,bcb-ptax-olinda,2022-11-25T13:04:23
2022-11-28,5.3791,5.3796,5.3793500000000005,bcb-ptax-olinda,2022-11-28T13:05:34
2022-11-29,5.307,5.3076,5.3073,bcb-ptax-olinda,2022-11-29T13:04:21
2022-11-30,5.2935,5.2941,5.2938,bcb-ptax-olinda,2022-11-30T13:08:28
2022-12-01,5.1942,5.1948,5.1945,bcb-ptax-olinda,2022-12-01T13:09:56
2022-12-02,5.1968,5.1974,5.1971,bcb-ptax-olinda,2022-12-02T13:03:46
2022-12-05,5.2457,5.2464,5.24605,bcb-ptax-olinda,2022-12-05T13:09:22
2022-12-06,5.239,5.2396,5.2393,bcb-ptax-olinda,2022-12-06T13:03:41
2022-12-07,5.2202,5.2208,5.2204999999999995,bcb-ptax-olinda,2022-12-07T13:05:19
2022-12-08,5.2085,5.2091,5.2088,bcb-ptax-olinda,2022-12-08T13:02:26
2022-12-09,5.239,5.2396,5.2393,bcb-ptax-olinda,2022-12-09T13:09:49
2022-12-12,5.306,5.3066,5.3063,bcb-ptax-olinda,2022-12-12T13:09:23
2022-12-13,5.2663,5.2669,5.2666,bcb-ptax-olinda,2022-12-13T13:05:48
2022-12-14,5.34,5.3406,5.3403,bcb-ptax-olinda,2022-12-14T13:02:32
2022-12-15,5.3177,5.3183,5.318,bcb-ptax-olinda,2022-12-15T13:03:19
2022-12-16,5.2801,5.2806,5.28035,bcb-ptax-olinda,2022-12-16T13:07:20
2022-12-19,5.3154,5.316,5.3157,bcb-ptax-olinda,2022-12-19T13:04:27
2022-12-20,5.2421,5.2427,5.2424,bcb-ptax-olinda,2022-12-20T13:07:21
2022-12-21,5.2025,5.2031,5.2028,bcb-ptax-olinda,2022-12-21T13:06:24
2022-12-22,5.1865,5.1871,5.1868,bcb-ptax-olinda,2022-12-22T13:07:28
2022-12-23,5.1439,5.1445,5.1442,bcb-ptax-olinda,2022-12-23T13:06:17
2022-12-26,5.1866,5.1872,5.1869,bcb-ptax-olinda,2022-12-26T13:02:34
2022-12-27,5.2826,5.2832,5.2829,bcb-ptax-olinda,2022-12-27T13:08:37
2022-12-28,5.273,5.2736,5.2733,bcb-ptax-olinda,2022-12-28T13:11:34
2022-12-29,5.2171,5.2177,5.2174,bcb-ptax-olinda,2022-12-29T13:09:02
2022-12-30,5.2171,5.2177,5.2174,bcb-ptax-olinda,2022-12-30T10:05:02
2023-01-02,5.343,5.3436,5.3433,bcb-ptax-olinda,2023-01-02T13:05:57
2023-01-03,5.3753,5.3759,5.3756,bcb-ptax-olinda,2023-01-03T13:11:19
2023-01-04,5.4453,5.4459,5.4456,bcb-ptax-olinda,2023-01-04T13:09:19
2023-01-05,5.402,5.4026,5.4023,bcb-ptax-olinda,2023-01-05T13:03:32
2023-01-06,5.2849,5.2855,5.2852,bcb-ptax-olinda,2023-01-06T13:02:28
2023-01-09,5.2961,5.2967,5.2964,bcb-ptax-olinda,2023-01-09T13:07:16
2023-01-10,5.2389,5.2395,5.2392,bcb-ptax-olinda,2023-01-10T13:05:25
2023-01-11,5.2014,5.202,5.2017,bcb-ptax-olinda,2023-01-11T13:07:22
2023-01-12,5.1394,5.14,5.1396999999999995,bcb-ptax-olinda,2023-01-12T13:09:27
2023-01-13,5.114,5.1146,5.1143,bcb-ptax-olinda,2023-01-13T13:10:23
2023-01-16,5.1109,5.1115,5.1112,bcb-ptax-olinda,2023-01-16T13:07:23
2023-01-17,5.1197,5.1203,5.12,bcb-ptax-olinda,2023-01-17T13:09:23
2023-01-18,5.0903,5.0909,5.0906,bcb-ptax-olinda,2023-01-18T13:11:36
2023-01-19,5.2138,5.2144,5.2141,bcb-ptax-olinda,2023-01-19T13:07:18
2023-01-20,5.198,5.1986,5.1983,bcb-ptax-olinda,2023-01-20T13:08:32
2023-01-23,5.1916,5.1922,5.1919,bcb-ptax-olinda,2023-01-23T13:10:05
2023-01-24,5.169,5.1696,5.1693,bcb-ptax-olinda,2023-01-24T13:07:36
2023-01-25,5.1036,5.1042,5.103899999999999,bcb-ptax-olinda,2023-01-25T13:05:22
2023-01-26,5.0945,5.0951,5.0948,bcb-ptax-olinda,2023-01-26T13:02:40
2023-01-27,5.0761,5.0767,5.0764,bcb-ptax-olinda,2023-01-27T13:02:20
2023-01-30,5.0953,5.0959,5.0956,bcb-ptax-olinda,2023-01-30T13:09:30
2023-01-31,5.0987,5.0993,5.099,bcb-ptax-olinda,2023-01-31T13:11:17
2023-02-01,5.0715,5.0721,5.0718,bcb-ptax-olinda,2023-02-01T13:04:23
2023-02-02,4.9895,4.9901,4.9898,bcb-ptax-olinda,2023-02-02T13:06:34
2023-02-03,5.1024,5.103,5.1027000000000005,bcb-ptax-olinda,2023-02-03T13:10:20
2023-02-06,5.1757,5.1763,5.176,bcb-ptax-olinda,2023-02-06T13:09:36
2023-02-07,5.1689,5.1695,5.1692,bcb-ptax-olinda,2023-02-07T13:10:17
2023-02-08,5.203,5.2036,5.2033000000000005,bcb-ptax-olinda,2023-02-08T13:08:42
2023-02-09,5.2309,5.2315,5.231199999999999,bcb-ptax-olinda,2023-02-09T13:06:23
2023-02-10,5.252,5.2526,5.2523,bcb-ptax-olinda,2023-02-10T13:11:17
2023-02-13,5.1828,5.1834,5.1831,bcb-ptax-olinda,2023-02-13T13:07:17
2023-02-14,5.1501,5.1507,5.150399999999999,bcb-ptax-olinda,2023-02-14T13:04:31
2023-02-15,5.2237,5.2243,5.224,bcb-ptax-olinda,2023-02-15T13:10:05
2023-02-16,5.2426,5.2432,5.242900000000001,bcb-ptax-olinda,2023-02-16T13:07:19
2023-02-17,5.2006,5.2012,5.2009,bcb-ptax-olinda,2023-02-17T13:11:21
2023-02-22,5.1724,5.173,5.1727,bcb-ptax-olinda,2023-02-22T15:39:24
2023-02-23,5.1324,5.133,5.1327,bcb-ptax-olinda,2023-02-23T13:05:18
2023-02-24,5.1785,5.1791,5.1788,bcb-ptax-olinda,2023-02-24T13:10:55
2023-02-27,5.1954,5.196,5.1957,bcb-ptax-olinda,2023-02-27T13:11:43
2023-02-28,5.2072,5.2078,5.2075,bcb-ptax-olinda,2023-02-28T13:11:19
2023-03-01,5.2064,5.207,5.2067,bcb-ptax-olinda,2023-03-01T13:07:21
2023-03-02,5.2074,5.208,5.2077,bcb-ptax-olinda,2023-03-02T13:09:37
2023-03-03,5.2031,5.2037,5.2034,bcb-ptax-olinda,2023-03-03T13:04:25
2023-03-06,5.1964,5.197,5.1967,bcb-ptax-olinda,2023-03-06T13:06:23
2023-03-07,5.1895,5.1901,5.1898,bcb-ptax-olinda,2023-03-07T13:04:16
2023-03-08,5.1381,5.1387,5.1384,bcb-ptax-olinda,2023-03-08T13:08:39
2023-03-09,5.1347,5.1353,5.135,bcb-ptax-olinda,2023-03-09T13:07:27
2023-03-10,5.1816,5.1822,5.181900000000001,bcb-ptax-olinda,2023-03-10T13:04:39
2023-03-13,5.2394,5.24,5.2397,bcb-ptax-olinda,2023-03-13T13:07:19
2023-03-14,5.2356,5.2362,5.2359,bcb-ptax-olinda,2023-03-14T13:06:42
2023-03-15,5.2975,5.2981,5.2978000000000005,bcb-ptax-olinda,2023-03-15T13:10:23
2023-03-16,5.2886,5.2892,5.2889,bcb-ptax-olinda,2023-03-16T13:08:36
2023-03-17,5.2673,5.2679,5.2676,bcb-ptax-olinda,2023-03-17T13:06:41
2023-03-20,5.2461,5.2467,5.2463999999999995,bcb-ptax-olinda,2023-03-20T13:09:32
2023-03-21,5.2438,5.2444,5.2440999999999995,bcb-ptax-olinda,2023-03-21T13:02:26
2023-03-22,5.2642,5.2648,5.2645,bcb-ptax-olinda,2023-03-22T13:03:35
2023-03-23,5.2626,5.2632,5.2629,bcb-ptax-olinda,2023-03-23T13:11:17
2023-03-24,5.2915,5.2921,5.2918,bcb-ptax-olinda,2023-03-24T13:10:20
2023-03-27,5.23,5.2306,5.2303,bcb-ptax-olinda,2023-03-27T13:04:25
2023-03-28,5.1727,5.1733,5.173,bcb-ptax-olinda,2023-03-28T13:06:23
2023-03-29,5.1487,5.1493,5.149,bcb-ptax-olinda,2023-03-29T13:03:45
2023-03-30,5.1248,5.1254,5.1251,bcb-ptax-olinda,2023-03-30T13:11:18
2023-03-31,5.0798,5.0804,5.0801,bcb-ptax-olinda,2023-03-31T13:03:22
2023-04-03,5.0631,5.0637,5.0634,bcb-ptax-olinda,2023-04-03T13:04:18
2023-04-04,5.0756,5.0762,5.0759,bcb-ptax-olinda,2023-04-04T13:04:34
2023-04-05,5.0441,5.0447,5.0443999999999996,bcb-ptax-olinda,2023-04-05T13:05:17
2023-04-06,5.0677,5.0683,5.068,bcb-ptax-olinda,2023-04-06T13:03:26
2023-04-10,5.0828,5.0834,5.0831,bcb-ptax-olinda,2023-04-10T13:06:33
2023-04-11,5.0122,5.0128,5.0125,bcb-ptax-olinda,2023-04-11T13:08:32
2023-04-12,4.949,4.9496,4.9493,bcb-ptax-olinda,2023-04-12T13:06:18
2023-04-13,4.9091,4.9097,4.9094,bcb-ptax-olinda,2023-04-13T13:05:15
2023-04-14,4.9449,4.9455,4.9452,bcb-ptax-olinda,2023-04-14T13:05:18
2023-04-17,4.9415,4.9421,4.9418,bcb-ptax-olinda,2023-04-17T13:27:04
2023-04-18,4.9672,4.9678,4.9675,bcb-ptax-olinda,2023-04-18T13:06:23
2023-04-19,5.0461,5.0467,5.0464,bcb-ptax-olinda,2023-04-19T13:05:45
2023-04-20,5.0491,5.0497,5.0494,bcb-ptax-olinda,2023-04-20T13:06:23
2023-04-24,5.0589,5.0595,5.059200000000001,bcb-ptax-olinda,2023-04-24T13:11:39
2023-04-25,5.0607,5.0613,5.061,bcb-ptax-olinda,2023-04-25T13:06:29
2023-04-26,5.0579,5.0585,5.0582,bcb-ptax-olinda,2023-04-26T13:09:29
2023-04-27,5.0144,5.015,5.0146999999999995,bcb-ptax-olinda,2023-04-27T13:02:22
2023-04-28,5.0001,5.0007,5.0004,bcb-ptax-olinda,2023-04-28T13:06:19
2023-05-02,5.0329,5.0334,5.03315,bcb-ptax-olinda,2023-05-02T13:10:18
2023-05-03,5.0221,5.0227,5.0224,bcb-ptax-olinda,2023-05-03T13:02:19
2023-05-04,5.01,5.0106,5.0103,bcb-ptax-olinda,2023-05-04T13:04:49
2023-05-05,4.969,4.9696,4.9693000000000005,bcb-ptax-olinda,2023-05-05T13:05:21
2023-05-08,4.969,4.9696,4.9693000000000005,bcb-ptax-olinda,2023-05-08T13:02:22
2023-05-09,5.0001,5.0007,5.0004,bcb-ptax-olinda,2023-05-09T13:08:21
2023-05-10,4.9541,4.9547,4.9544,bcb-ptax-olinda,2023-05-10T13:03:19
2023-05-11,4.969,4.9696,4.9693000000000005,bcb-ptax-olinda,2023-05-11T13:09:27
2023-05-12,4.9228,4.9234,4.9231,bcb-ptax-olinda,2023-05-12T13:06:02
2023-05-15,4.9097,4.9103,4.91,bcb-ptax-olinda,2023-05-15T13:04:38
2023-05-16,4.9116,4.9122,4.9119,bcb-ptax-olinda,2023-05-16T13:09:16
2023-05-17,4.9507,4.9513,4.9510000000000005,bcb-ptax-olinda,2023-05-17T13:06:15
2023-05-18,4.9641,4.9647,4.9643999999999995,bcb-ptax-olinda,2023-05-18T13:09:20
2023-05-19,4.9852,4.9858,4.9855,bcb-ptax-olinda,2023-05-19T13:08:16
2023-05-22,4.9674,4.968,4.9677,bcb-ptax-olinda,2023-05-22T13:05:22
2023-05-23,4.9668,4.9674,4.9671,bcb-ptax-olinda,2023-05-23T13:08:23
2023-05-24,4.9468,4.9474,4.9471,bcb-ptax-olinda,2023-05-24T13:04:35
2023-05-25,4.9984,4.999,4.9986999999999995,bcb-ptax-olinda,2023-05-25T13:04:36
2023-05-26,5.0108,5.0114,5.0111,bcb-ptax-olinda,2023-05-26T13:07:17
2023-05-29,4.9948,4.9954,4.9951,bcb-ptax-olinda,2023-05-29T13:10:18
2023-05-30,5.0587,5.0593,5.059,bcb-ptax-olinda,2023-05-30T13:11:51
2023-05-31,5.0953,5.0959,5.0956,bcb-ptax-olinda,2023-05-31T13:08:48
2023-06-01,5.0344,5.035,5.0347,bcb-ptax-olinda,2023-06-01T13:07:17
2023-06-02,4.9552,4.9558,4.9555,bcb-ptax-olinda,2023-06-02T13:11:19
2023-06-05,4.923,4.9236,4.9233,bcb-ptax-olinda,2023-06-05T13:09:24
2023-06-06,4.9286,4.9292,4.9289000000000005,bcb-ptax-olinda,2023-06-06T13:06:25
2023-06-07,4.9113,4.9119,4.9116,bcb-ptax-olinda,2023-06-07T13:09:16
2023-06-09,4.8916,4.8922,4.8919,bcb-ptax-olinda,2023-06-09T13:10:17
2023-06-12,4.8826,4.8832,4.8829,bcb-ptax-olinda,2023-06-12T13:03:35
2023-06-13,4.8527,4.8533,4.853,bcb-ptax-olinda,2023-06-13T13:09:17
2023-06-14,4.8456,4.8462,4.8459,bcb-ptax-olinda,2023-06-14T13:06:22
2023-06-15,4.8216,4.8222,4.821899999999999,bcb-ptax-olinda,2023-06-15T13:09:16
2023-06-16,4.828,4.8286,4.8283000000000005,bcb-ptax-olinda,2023-06-16T13:02:18
2023-06-19,4.7797,4.7803,4.78,bcb-ptax-olinda,2023-06-19T13:07:00
2023-06-20,4.7924,4.793,4.7927,bcb-ptax-olinda,2023-06-20T13:05:18
2023-06-21,4.7789,4.7795,4.7791999999999994,bcb-ptax-olinda,2023-06-21T13:02:16
2023-06-22,4.7744,4.775,4.7747,bcb-ptax-olinda,2023-06-22T13:08:23
2023-06-23,4.7793,4.7799,4.7796,bcb-ptax-olinda,2023-06-23T13:09:21
2023-06-26,4.7692,4.7698,4.7695,bcb-ptax-olinda,2023-06-26T13:02:20
2023-06-27,4.7897,4.7903,4.79,bcb-ptax-olinda,2023-06-27T13:05:03
2023-06-28,4.8557,4.8563,4.856,bcb-ptax-olinda,2023-06-28T13:10:26
2023-06-29,4.8578,4.8584,4.8581,bcb-ptax-olinda,2023-06-29T13:03:21
2023-06-30,4.8186,4.8192,4.8189,bcb-ptax-olinda,2023-06-30T13:10:24
2023-07-03,4.787,4.7876,4.7873,bcb-ptax-olinda,2023-07-03T13:07:21
2023-07-04,4.805,4.8056,4.8053,bcb-ptax-olinda,2023-07-04T13:06:26
2023-07-05,4.8571,4.8577,4.8574,bcb-ptax-olinda,2023-07-05T13:11:18
2023-07-06,4.8971,4.8977,4.8974,bcb-ptax-olinda,2023-07-06T13:07:23
2023-07-07,4.8793,4.8799,4.8796,bcb-ptax-olinda,2023-07-07T13:03:18
2023-07-10,4.8729,4.8735,4.8732,bcb-ptax-olinda,2023-07-10T13:09:19
2023-07-11,4.8943,4.8949,4.8946000000000005,bcb-ptax-olinda,2023-07-11T13:03:43
2023-07-12,4.8052,4.8058,4.8055,bcb-ptax-olinda,2023-07-12T13:07:21
2023-07-13,4.8032,4.8038,4.8035,bcb-ptax-olinda,2023-07-13T13:09:16
2023-07-14,4.7951,4.7957,4.7954,bcb-ptax-olinda,2023-07-14T13:08:19
2023-07-17,4.8296,4.8302,4.8299,bcb-ptax-olinda,2023-07-17T13:06:45
2023-07-18,4.8034,4.804,4.8037,bcb-ptax-olinda,2023-07-18T13:04:55
2023-07-19,4.7994,4.8,4.7997,bcb-ptax-olinda,2023-07-19T13:08:34
2023-07-20,4.7882,4.7888,4.7885,bcb-ptax-olinda,2023-07-20T13:10:25
2023-07-21,4.7726,4.7732,4.7729,bcb-ptax-olinda,2023-07-21T13:03:18
2023-07-24,4.7451,4.7457,4.7454,bcb-ptax-olinda,2023-07-24T13:07:25
2023-07-25,4.749,4.7496,4.7493,bcb-ptax-olinda,2023-07-25T13:11:28
2023-07-26,4.7362,4.7368,4.7364999999999995,bcb-ptax-olinda,2023-07-26T13:03:17
2023-07-27,4.7196,4.7202,4.7199,bcb-ptax-olinda,2023-07-27T13:09:18
2023-07-28,4.7247,4.7253,4.725,bcb-ptax-olinda,2023-07-28T13:02:47
2023-07-31,4.7409,4.7415,4.7412,bcb-ptax-olinda,2023-07-31T13:02:52
2023-08-01,4.7746,4.7752,4.774900000000001,bcb-ptax-olinda,2023-08-01T13:06:17
2023-08-02,4.8077,4.8083,4.808,bcb-ptax-olinda,2023-08-02T13:10:20
2023-08-03,4.8791,4.8797,4.8794,bcb-ptax-olinda,2023-08-03T13:08:03
2023-08-04,4.8603,4.8609,4.8606,bcb-ptax-olinda,2023-08-04T13:04:37
2023-08-07,4.9004,4.901,4.9007000000000005,bcb-ptax-olinda,2023-08-07T13:07:35
2023-08-08,4.9211,4.9217,4.9214,bcb-ptax-olinda,2023-08-08T13:04:21
2023-08-09,4.9009,4.9015,4.9012,bcb-ptax-olinda,2023-08-09T13:03:21
2023-08-10,4.8512,4.8518,4.8515,bcb-ptax-olinda,2023-08-10T13:12:06
2023-08-11,4.8912,4.8918,4.891500000000001,bcb-ptax-olinda,2023-08-11T13:03:44
2023-08-14,4.9475,4.9481,4.9478,bcb-ptax-olinda,2023-08-14T13:09:35
2023-08-15,4.9806,4.9812,4.9809,bcb-ptax-olinda,2023-08-15T13:11:36
2023-08-16,4.9765,4.9772,4.97685,bcb-ptax-olinda,2023-08-16T13:04:51
2023-08-17,4.981,4.9816,4.9813,bcb-ptax-olinda,2023-08-17T13:03:34
2023-08-18,4.9718,4.9724,4.9721,bcb-ptax-olinda,2023-08-18T13:11:27
2023-08-21,4.9841,4.9847,4.9844,bcb-ptax-olinda,2023-08-21T13:10:30
2023-08-22,4.9425,4.9431,4.9428,bcb-ptax-olinda,2023-08-22T13:10:36
2023-08-23,4.8971,4.8977,4.8974,bcb-ptax-olinda,2023-08-23T13:11:37
2023-08-24,4.8742,4.8748,4.874499999999999,bcb-ptax-olinda,2023-08-24T13:09:40
2023-08-25,4.8766,4.8772,4.8769,bcb-ptax-olinda,2023-08-25T13:08:26
2023-08-28,4.8933,4.8938,4.893549999999999,bcb-ptax-olinda,2023-08-28T13:08:30
2023-08-29,4.87,4.8706,4.8703,bcb-ptax-olinda,2023-08-29T13:04:32
2023-08-30,4.8647,4.8653,4.865,bcb-ptax-olinda,2023-08-30T13:06:37
2023-08-31,4.9213,4.9219,4.9216,bcb-ptax-olinda,2023-08-31T13:02:58
2023-09-01,4.9312,4.9318,4.9315,bcb-ptax-olinda,2023-09-01T13:10:27
2023-09-04,4.917,4.9176,4.9173,bcb-ptax-olinda,2023-09-04T13:06:46
2023-09-05,4.9699,4.9705,4.9702,bcb-ptax-olinda,2023-09-05T13:02:32
2023-09-06,4.9756,4.9762,4.9759,bcb-ptax-olinda,2023-09-06T13:08:32
2023-09-08,4.9829,4.9835,4.9832,bcb-ptax-olinda,2023-09-08T13:11:28
2023-09-11,4.936,4.9366,4.9363,bcb-ptax-olinda,2023-09-11T13:07:29
2023-09-12,4.9499,4.9505,4.950200000000001,bcb-ptax-olinda,2023-09-12T13:05:38
2023-09-13,4.9165,4.9171,4.9168,bcb-ptax-olinda,2023-09-13T13:08:19
2023-09-14,4.8745,4.8751,4.8748000000000005,bcb-ptax-olinda,2023-09-14T13:10:28
2023-09-15,4.8683,4.8689,4.8686,bcb-ptax-olinda,2023-09-15T13:11:32
2023-09-18,4.8529,4.8535,4.8532,bcb-ptax-olinda,2023-09-18T13:09:26
2023-09-19,4.8569,4.8575,4.857200000000001,bcb-ptax-olinda,2023-09-19T13:03:30
2023-09-20,4.8481,4.8487,4.8484,bcb-ptax-olinda,2023-09-20T13:11:31
2023-09-21,4.9223,4.9229,4.9226,bcb-ptax-olinda,2023-09-21T13:06:45
2023-09-22,4.9125,4.9131,4.9128,bcb-ptax-olinda,2023-09-22T13:08:45
2023-09-25,4.96,4.9606,4.9603,bcb-ptax-olinda,2023-09-25T13:10:42
2023-09-26,4.9711,4.9717,4.9714,bcb-ptax-olinda,2023-09-26T13:10:33
2023-09-27,5.0283,5.0289,5.0286,bcb-ptax-olinda,2023-09-27T13:02:52
2023-09-28,5.0469,5.0475,5.0472,bcb-ptax-olinda,2023-09-28T13:02:35
2023-09-29,5.007,5.0076,5.0073,bcb-ptax-olinda,2023-09-29T13:09:29
2023-10-02,5.0673,5.0679,5.0676000000000005,bcb-ptax-olinda,2023-10-02T13:10:37
2023-10-03,5.1094,5.11,5.1097,bcb-ptax-olinda,2023-10-03T13:06:35
2023-10-04,5.152,5.1526,5.1523,bcb-ptax-olinda,2023-10-04T13:06:57
2023-10-05,5.1707,5.1713,5.170999999999999,bcb-ptax-olinda,2023-10-05T13:08:41
2023-10-06,5.1912,5.1918,5.1915,bcb-ptax-olinda,2023-10-06T13:07:34
2023-10-09,5.166,5.1666,5.1663,bcb-ptax-olinda,2023-10-09T13:22:11
2023-10-10,5.0856,5.0862,5.0859000000000005,bcb-ptax-olinda,2023-10-10T13:11:30
2023-10-11,5.049,5.0496,5.049300000000001,bcb-ptax-olinda,2023-10-11T13:05:06
2023-10-13,5.0619,5.0625,5.0622,bcb-ptax-olinda,2023-10-13T13:06:03
2023-10-16,5.0612,5.0618,5.0615000000000006,bcb-ptax-olinda,2023-10-16T13:05:08
2023-10-17,5.0378,5.0384,5.0381,bcb-ptax-olinda,2023-10-17T13:04:27
2023-10-18,5.0562,5.0568,5.0565,bcb-ptax-olinda,2023-10-18T13:10:35
2023-10-19,5.0534,5.054,5.0537,bcb-ptax-olinda,2023-10-19T13:07:36
2023-10-20,5.0522,5.0528,5.0525,bcb-ptax-olinda,2023-10-20T13:06:42
2023-10-23,5.0158,5.0164,5.0161,bcb-ptax-olinda,2023-10-23T13:07:40
2023-10-24,5.0059,5.0065,5.0062,bcb-ptax-olinda,2023-10-24T13:07:29
2023-10-25,4.9975,4.9981,4.9978,bcb-ptax-olinda,2023-10-25T13:08:28
2023-10-26,5.0049,5.0055,5.0052,bcb-ptax-olinda,2023-10-26T13:04:30
2023-10-27,4.9474,4.948,4.9477,bcb-ptax-olinda,2023-10-27T13:03:30
2023-10-30,5.0068,5.0074,5.007099999999999,bcb-ptax-olinda,2023-10-30T13:03:39
2023-10-31,5.0569,5.0575,5.0572,bcb-ptax-olinda,2023-10-31T13:05:31
2023-11-01,5.0188,5.0194,5.0191,bcb-ptax-olinda,2023-11-01T13:11:42
2023-11-03,4.8904,4.891,4.8907,bcb-ptax-olinda,2023-11-03T13:05:47
2023-11-06,4.8993,4.8999,4.8995999999999995,bcb-ptax-olinda,2023-11-06T13:05:30
2023-11-07,4.8664,4.867,4.8667,bcb-ptax-olinda,2023-11-07T13:09:32
2023-11-08,4.8849,4.8855,4.8852,bcb-ptax-olinda,2023-11-08T13:09:36
2023-11-09,4.9001,4.9007,4.900399999999999,bcb-ptax-olinda,2023-11-09T13:08:31
2023-11-10,4.9213,4.9219,4.9216,bcb-ptax-olinda,2023-11-10T13:05:44
2023-11-13,4.924,4.9247,4.9243500000000004,bcb-ptax-olinda,2023-11-13T13:11:27
2023-11-14,4.8676,4.8682,4.867900000000001,bcb-ptax-olinda,2023-11-14T13:04:30
2023-11-16,4.8569,4.8575,4.857200000000001,bcb-ptax-olinda,2023-11-16T13:06:32
2023-11-17,4.8843,4.8849,4.8846,bcb-ptax-olinda,2023-11-17T13:06:31
2023-11-20,4.8717,4.8723,4.872,bcb-ptax-olinda,2023-11-20T13:05:32
2023-11-21,4.88,4.8806,4.8803,bcb-ptax-olinda,2023-11-21T13:07:37
2023-11-22,4.8962,4.8968,4.8965,bcb-ptax-olinda,2023-11-22T13:09:27
2023-11-23,4.8925,4.8931,4.892799999999999,bcb-ptax-olinda,2023-11-23T13:08:28
2023-11-24,4.8921,4.8927,4.8924,bcb-ptax-olinda,2023-11-24T13:08:29
2023-11-27,4.8945,4.8951,4.8948,bcb-ptax-olinda,2023-11-27T13:08:38
2023-11-28,4.8861,4.8867,4.8864,bcb-ptax-olinda,2023-11-28T13:07:48
2023-11-29,4.8927,4.8933,4.893,bcb-ptax-olinda,2023-11-29T13:09:28
2023-11-30,4.9349,4.9355,4.9352,bcb-ptax-olinda,2023-11-30T13:04:55
2023-12-01,4.9185,4.9191,4.9188,bcb-ptax-olinda,2023-12-01T13:04:28
2023-12-04,4.9085,4.9091,4.908799999999999,bcb-ptax-olinda,2023-12-04T13:05:27
2023-12-05,4.9516,4.9522,4.9519,bcb-ptax-olinda,2023-12-05T13:05:41
2023-12-06,4.9025,4.9031,4.9028,bcb-ptax-olinda,2023-12-06T13:09:42
2023-12-07,4.8943,4.8949,4.8946000000000005,bcb-ptax-olinda,2023-12-07T13:04:06
2023-12-08,4.9152,4.9158,4.9155,bcb-ptax-olinda,2023-12-08T13:05:40
2023-12-11,4.9434,4.944,4.9437,bcb-ptax-olinda,2023-12-11T13:06:51
2023-12-12,4.947,4.9476,4.9473,bcb-ptax-olinda,2023-12-12T13:02:38
2023-12-13,4.9573,4.958,4.95765,bcb-ptax-olinda,2023-12-13T13:09:31
2023-12-14,4.8906,4.8912,4.8909,bcb-ptax-olinda,2023-12-14T13:09:42
2023-12-15,4.9391,4.9397,4.9394,bcb-ptax-olinda,2023-12-15T13:09:09
2023-12-18,4.9393,4.9399,4.9396,bcb-ptax-olinda,2023-12-18T13:05:33
2023-12-19,4.8657,4.8663,4.866,bcb-ptax-olinda,2023-12-19T13:04:31
2023-12-20,4.876,4.8766,4.8763000000000005,bcb-ptax-olinda,2023-12-20T13:04:28
2023-12-21,4.8749,4.8755,4.8751999999999995,bcb-ptax-olinda,2023-12-21T13:07:35
2023-12-22,4.8613,4.8619,4.8616,bcb-ptax-olinda,2023-12-22T13:02:59
2023-12-26,4.8362,4.8368,4.8365,bcb-ptax-olinda,2023-12-26T13:07:41
2023-12-27,4.83,4.8306,4.830299999999999,bcb-ptax-olinda,2023-12-27T13:05:01
2023-12-28,4.8407,4.8413,4.841,bcb-ptax-olinda,2023-12-28T13:04:46
2023-12-29,4.8407,4.8413,4.841,bcb-ptax-olinda,2023-12-29T10:04:11
2024-01-02,4.891,4.8916,4.8913,bcb-ptax-olinda,2024-01-02T13:05:50
2024-01-03,4.9206,4.9212,4.9209,bcb-ptax-olinda,2024-01-03T13:14:41
2024-01-04,4.9182,4.9188,4.9185,bcb-ptax-olinda,2024-01-04T13:05:35
2024-01-05,4.8893,4.8899,4.8896,bcb-ptax-olinda,2024-01-05T13:10:31
2024-01-08,4.8844,4.885,4.8847000000000005,bcb-ptax-olinda,2024-01-08T13:11:30
2024-01-09,4.8931,4.8937,4.8934,bcb-ptax-olinda,2024-01-09T13:09:30
2024-01-10,4.8895,4.8901,4.8898,bcb-ptax-olinda,2024-01-10T13:09:34
2024-01-11,4.8788,4.8794,4.8791,bcb-ptax-olinda,2024-01-11T17:03:40
2024-01-12,4.8537,4.8543,4.854,bcb-ptax-olinda,2024-01-12T13:26:56
2024-01-15,4.8759,4.8765,4.8762,bcb-ptax-olinda,2024-01-15T13:38:08
2024-01-16,4.9032,4.9038,4.9035,bcb-ptax-olinda,2024-01-16T13:35:20
2024-01-17,4.934,4.9346,4.9343,bcb-ptax-olinda,2024-01-17T14:31:39
2024-01-18,4.9397,4.9403,4.9399999999999995,bcb-ptax-olinda,2024-01-18T14:01:21
2024-01-19,4.9217,4.9223,4.922000000000001,bcb-ptax-olinda,2024-01-19T13:47:20
2024-01-22,4.9484,4.949,4.9487000000000005,bcb-ptax-olinda,2024-01-22T14:01:41
2024-01-23,4.9709,4.9715,4.9712,bcb-ptax-olinda,2024-01-23T13:45:44
2024-01-24,4.9186,4.9192,4.9189,bcb-ptax-olinda,2024-01-24T15:11:37
2024-01-25,4.9226,4.9232,4.9229,bcb-ptax-olinda,2024-01-25T14:04:32
2024-01-26,4.9119,4.9125,4.9122,bcb-ptax-olinda,2024-01-26T15:32:06
2024-01-29,4.9219,4.9225,4.9222,bcb-ptax-olinda,2024-01-29T13:32:10
2024-01-30,4.9632,4.9638,4.9635,bcb-ptax-olinda,2024-01-30T14:41:21
2024-01-31,4.9529,4.9535,4.9532,bcb-ptax-olinda,2024-01-31T15:06:26
2024-02-01,4.9344,4.935,4.934699999999999,bcb-ptax-olinda,2024-02-01T14:06:13
2024-02-02,4.9465,4.9471,4.9468,bcb-ptax-olinda,2024-02-02T14:40:09
2024-02-05,5.0047,5.0053,5.005,bcb-ptax-olinda,2024-02-05T13:56:02
2024-02-06,4.9681,4.9687,4.9684,bcb-ptax-olinda,2024-02-06T15:11:48
2024-02-07,4.9602,4.9608,4.9605,bcb-ptax-olinda,2024-02-07T14:22:27
2024-02-08,4.9798,4.9804,4.9801,bcb-ptax-olinda,2024-02-08T15:58:03
2024-02-09,4.9711,4.9717,4.9714,bcb-ptax-olinda,2024-02-09T17:00:17
2024-02-14,4.9717,4.9723,4.9719999999999995,bcb-ptax-olinda,2024-02-14T16:08:18
2024-02-15,4.9704,4.971,4.9707,bcb-ptax-olinda,2024-02-15T15:48:58
2024-02-16,4.9755,4.9761,4.9758,bcb-ptax-olinda,2024-02-16T15:17:16
2024-02-19,4.9579,4.9585,4.9582,bcb-ptax-olinda,2024-02-19T16:19:32
2024-02-20,4.9402,4.9408,4.9405,bcb-ptax-olinda,2024-02-20T16:53:02
2024-02-21,4.9297,4.9303,4.93,bcb-ptax-olinda,2024-02-21T16:55:39
2024-02-22,4.9413,4.9419,4.9416,bcb-ptax-olinda,2024-02-22T14:54:54
2024-02-23,4.9845,4.9851,4.9848,bcb-ptax-olinda,2024-02-23T15:22:33
2024-02-26,4.9813,4.9819,4.9816,bcb-ptax-olinda,2024-02-26T14:20:09
2024-02-27,4.9569,4.9575,4.9572,bcb-ptax-olinda,2024-02-27T15:46:53
2024-02-28,4.9551,4.9557,4.9554,bcb-ptax-olinda,2024-02-28T15:24:17
2024-02-29,4.9827,4.9833,4.9830000000000005,bcb-ptax-olinda,2024-02-29T14:45:45
2024-03-01,4.959,4.9596,4.9593,bcb-ptax-olinda,2024-03-01T16:03:40
2024-03-04,4.9469,4.9475,4.9472000000000005,bcb-ptax-olinda,2024-03-04T14:42:02
2024-03-05,4.9482,4.9488,4.9485,bcb-ptax-olinda,2024-03-05T15:43:56
2024-03-06,4.9392,4.9398,4.9395,bcb-ptax-olinda,2024-03-06T14:56:03
2024-03-07,4.9358,4.9364,4.9361,bcb-ptax-olinda,2024-03-07T15:18:18
2024-03-08,4.9745,4.9751,4.9748,bcb-ptax-olinda,2024-03-08T15:00:11
2024-03-11,4.9771,4.9777,4.977399999999999,bcb-ptax-olinda,2024-03-11T15:31:13
2024-03-12,4.9807,4.9813,4.981,bcb-ptax-olinda,2024-03-12T14:50:50
2024-03-13,4.9797,4.9803,4.98,bcb-ptax-olinda,2024-03-13T15:55:01
2024-03-14,4.9762,4.9768,4.9765,bcb-ptax-olinda,2024-03-14T14:45:30
2024-03-15,4.9931,4.9937,4.993399999999999,bcb-ptax-olinda,2024-03-15T15:16:04
2024-03-18,5.0118,5.0124,5.0121,bcb-ptax-olinda,2024-03-18T14:10:32
2024-03-19,5.0346,5.0352,5.0349,bcb-ptax-olinda,2024-03-19T15:40:01
2024-03-20,5.0114,5.012,5.011699999999999,bcb-ptax-olinda,2024-03-20T13:45:09
2024-03-21,4.9801,4.9807,4.9803999999999995,bcb-ptax-olinda,2024-03-21T14:36:42
2024-03-22,4.9891,4.9897,4.9894,bcb-ptax-olinda,2024-03-22T15:15:23
2024-03-25,4.9863,4.9869,4.9866,bcb-ptax-olinda,2024-03-25T16:00:00
2024-03-26,4.9864,4.987,4.9867,bcb-ptax-olinda,2024-03-26T15:40:45
2024-03-27,4.985,4.9856,4.9853000000000005,bcb-ptax-olinda,2024-03-27T15:15:35
2024-03-28,4.9956,4.9962,4.9959,bcb-ptax-olinda,2024-03-28T14:40:02
2024-04-01,5.0526,5.0532,5.0529,bcb-ptax-olinda,2024-04-01T15:50:06
2024-04-02,5.0469,5.0476,5.04725,bcb-ptax-olinda,2024-04-02T16:38:13
2024-04-03,5.0718,5.0724,5.0721,bcb-ptax-olinda,2024-04-03T15:35:28
2024-04-04,5.0231,5.0237,5.0234000000000005,bcb-ptax-olinda,2024-04-04T14:45:04
2024-04-05,5.0514,5.052,5.0517,bcb-ptax-olinda,2024-04-05T15:55:09
2024-04-08,5.0415,5.0421,5.0418,bcb-ptax-olinda,2024-04-08T15:00:05
2024-04-09,5.0074,5.008,5.0077,bcb-ptax-olinda,2024-04-09T15:50:01
2024-04-10,5.0648,5.0654,5.0651,bcb-ptax-olinda,2024-04-10T15:59:06
2024-04-11,5.0759,5.0765,5.0762,bcb-ptax-olinda,2024-04-11T14:55:12
2024-04-12,5.1358,5.1364,5.1361,bcb-ptax-olinda,2024-04-12T15:00:05
2024-04-15,5.174,5.1746,5.174300000000001,bcb-ptax-olinda,2024-04-15T15:59:49
2024-04-16,5.2628,5.2635,5.2631499999999996,bcb-ptax-olinda,2024-04-16T15:50:06
2024-04-17,5.2463,5.2469,5.2466,bcb-ptax-olinda,2024-04-17T16:00:09
2024-04-18,5.2506,5.2512,5.2509,bcb-ptax-olinda,2024-04-18T16:00:18
2024-04-19,5.2263,5.2269,5.2265999999999995,bcb-ptax-olinda,2024-04-19T14:59:03
2024-04-22,5.2037,5.2043,5.204000000000001,bcb-ptax-olinda,2024-04-22T16:00:10
2024-04-23,5.162,5.1626,5.1623,bcb-ptax-olinda,2024-04-23T15:35:21
2024-04-24,5.1586,5.1592,5.1589,bcb-ptax-olinda,2024-04-24T14:57:25
2024-04-25,5.1673,5.1679,5.1676,bcb-ptax-olinda,2024-04-25T15:16:13
2024-04-26,5.1178,5.1184,5.1181,bcb-ptax-olinda,2024-04-26T15:44:48
2024-04-29,5.1149,5.1155,5.1152,bcb-ptax-olinda,2024-04-29T13:08:20
2024-04-30,5.1712,5.1718,5.1715,bcb-ptax-olinda,2024-04-30T13:09:37
2024-05-02,5.1178,5.1184,5.1181,bcb-ptax-olinda,2024-05-02T13:07:09
2024-05-03,5.0662,5.0668,5.0665,bcb-ptax-olinda,2024-05-03T13:06:33
2024-05-06,5.0721,5.0727,5.0724,bcb-ptax-olinda,2024-05-06T13:06:55
2024-05-07,5.0604,5.061,5.0607,bcb-ptax-olinda,2024-05-07T13:05:59
2024-05-08,5.0881,5.0887,5.0884,bcb-ptax-olinda,2024-05-08T13:07:29
2024-05-09,5.1571,5.1577,5.1574,bcb-ptax-olinda,2024-05-09T13:07:40
2024-05-10,5.1458,5.1464,5.146100000000001,bcb-ptax-olinda,2024-05-10T13:04:52
2024-05-13,5.1406,5.1412,5.1409,bcb-ptax-olinda,2024-05-13T13:11:29
2024-05-14,5.135,5.1356,5.1353,bcb-ptax-olinda,2024-05-14T13:04:30
2024-05-15,5.1417,5.1423,5.1419999999999995,bcb-ptax-olinda,2024-05-15T13:06:32
2024-05-16,5.1264,5.127,5.1267,bcb-ptax-olinda,2024-05-16T13:09:44
2024-05-17,5.1151,5.1157,5.1154,bcb-ptax-olinda,2024-05-17T13:10:28
2024-05-20,5.1079,5.1085,5.1082,bcb-ptax-olinda,2024-05-20T13:07:32
2024-05-21,5.1031,5.1037,5.103400000000001,bcb-ptax-olinda,2024-05-21T13:06:29
2024-05-22,5.1496,5.1502,5.149900000000001,bcb-ptax-olinda,2024-05-22T13:05:28
2024-05-23,5.1437,5.1443,5.144,bcb-ptax-olinda,2024-05-23T13:03:33
2024-05-24,5.1502,5.1508,5.1505,bcb-ptax-olinda,2024-05-24T13:07:40
2024-05-27,5.1698,5.1704,5.1701,bcb-ptax-olinda,2024-05-27T13:15:28
2024-05-28,5.1532,5.1538,5.1535,bcb-ptax-olinda,2024-05-28T13:11:46
2024-05-29,5.1966,5.1972,5.196899999999999,bcb-ptax-olinda,2024-05-29T13:07:36
2024-05-31,5.241,5.2416,5.2413,bcb-ptax-olinda,2024-05-31T13:03:45
2024-06-03,5.2367,5.2373,5.237,bcb-ptax-olinda,2024-06-03T13:11:47
2024-06-04,5.2681,5.2687,5.2684,bcb-ptax-olinda,2024-06-04T13:02:40
2024-06-05,5.2835,5.2841,5.283799999999999,bcb-ptax-olinda,2024-06-05T13:07:32
2024-06-06,5.2675,5.2681,5.267799999999999,bcb-ptax-olinda,2024-06-06T13:10:31
2024-06-07,5.2796,5.2802,5.2799,bcb-ptax-olinda,2024-06-07T13:04:53
2024-06-10,5.366,5.3666,5.3663,bcb-ptax-olinda,2024-06-10T13:09:35
2024-06-11,5.3519,5.3524,5.35215,bcb-ptax-olinda,2024-06-11T13:08:34
2024-06-12,5.3885,5.3891,5.3888,bcb-ptax-olinda,2024-06-12T13:11:32
2024-06-13,5.3968,5.3974,5.3971,bcb-ptax-olinda,2024-06-13T13:11:06
2024-06-14,5.3624,5.363,5.3627,bcb-ptax-olinda,2024-06-14T13:06:31
2024-06-17,5.4124,5.413,5.4127,bcb-ptax-olinda,2024-06-17T13:10:32
2024-06-18,5.4068,5.4074,5.4071,bcb-ptax-olinda,2024-06-18T13:07:40
2024-06-19,5.4641,5.4647,5.4643999999999995,bcb-ptax-olinda,2024-06-19T13:09:27
2024-06-20,5.4248,5.4254,5.4251000000000005,bcb-ptax-olinda,2024-06-20T13:02:51
2024-06-21,5.441,5.4416,5.4413,bcb-ptax-olinda,2024-06-21T13:05:36
2024-06-24,5.3994,5.4,5.3997,bcb-ptax-olinda,2024-06-24T13:10:29
2024-06-25,5.4283,5.429,5.42865,bcb-ptax-olinda,2024-06-25T13:11:31
2024-06-26,5.5091,5.5097,5.509399999999999,bcb-ptax-olinda,2024-06-26T13:10:43
2024-06-27,5.5223,5.5229,5.522600000000001,bcb-ptax-olinda,2024-06-27T13:02:38
2024-06-28,5.5583,5.5589,5.5586,bcb-ptax-olinda,2024-06-28T13:08:04
2024-07-01,5.5887,5.5893,5.589,bcb-ptax-olinda,2024-07-01T13:03:57
2024-07-02,5.6671,5.6677,5.6674,bcb-ptax-olinda,2024-07-02T13:08:31
2024-07-03,5.5857,5.5863,5.586,bcb-ptax-olinda,2024-07-03T13:10:34
2024-07-04,5.4833,5.4839,5.4836,bcb-ptax-olinda,2024-07-04T13:04:34
2024-07-05,5.4964,5.497,5.496700000000001,bcb-ptax-olinda,2024-07-05T13:03:27
2024-07-08,5.4714,5.472,5.4717,bcb-ptax-olinda,2024-07-08T13:03:31
2024-07-09,5.4381,5.4387,5.4384,bcb-ptax-olinda,2024-07-09T13:08:29
2024-07-10,5.3961,5.3967,5.3964,bcb-ptax-olinda,2024-07-10T13:10:36
2024-07-11,5.4094,5.41,5.4097,bcb-ptax-olinda,2024-07-11T13:07:31
2024-07-12,5.4523,5.4529,5.4526,bcb-ptax-olinda,2024-07-12T13:11:28
2024-07-15,5.4557,5.4563,5.4559999999999995,bcb-ptax-olinda,2024-07-15T13:08:31
2024-07-16,5.4268,5.4274,5.427099999999999,bcb-ptax-olinda,2024-07-16T13:02:29
2024-07-17,5.4664,5.467,5.4666999999999994,bcb-ptax-olinda,2024-07-17T13:07:51
2024-07-18,5.542,5.5426,5.5423,bcb-ptax-olinda,2024-07-18T13:06:33
2024-07-19,5.5537,5.5543,5.554,bcb-ptax-olinda,2024-07-19T13:08:27
2024-07-22,5.5592,5.5598,5.5595,bcb-ptax-olinda,2024-07-22T13:02:41
2024-07-23,5.5801,5.5807,5.5804,bcb-ptax-olinda,2024-07-23T13:07:28
2024-07-24,5.634,5.6346,5.6343,bcb-ptax-olinda,2024-07-24T13:10:32
2024-07-25,5.6396,5.6402,5.6399,bcb-ptax-olinda,2024-07-25T13:02:31
2024-07-26,5.6459,5.6465,5.6462,bcb-ptax-olinda,2024-07-26T13:08:45
2024-07-29,5.6473,5.6479,5.647600000000001,bcb-ptax-olinda,2024-07-29T13:08:38
2024-07-30,5.6526,5.6532,5.6529,bcb-ptax-olinda,2024-07-30T13:05:29
2024-07-31,5.6615,5.6621,5.6617999999999995,bcb-ptax-olinda,2024-07-31T13:06:27
2024-08-01,5.6675,5.6681,5.6678,bcb-ptax-olinda,2024-08-01T13:04:45
2024-08-02,5.736,5.7366,5.7363,bcb-ptax-olinda,2024-08-02T13:08:25
2024-08-05,5.764,5.7646,5.7643,bcb-ptax-olinda,2024-08-05T13:04:30
2024-08-06,5.6522,5.6528,5.6525,bcb-ptax-olinda,2024-08-06T13:07:56
2024-08-07,5.6087,5.6093,5.609,bcb-ptax-olinda,2024-08-07T13:11:35
2024-08-08,5.6166,5.6172,5.6169,bcb-ptax-olinda,2024-08-08T13:05:28
2024-08-09,5.5109,5.5115,5.5112000000000005,bcb-ptax-olinda,2024-08-09T13:03:28
2024-08-12,5.4905,5.4911,5.4908,bcb-ptax-olinda,2024-08-12T13:02:28
2024-08-13,5.4869,5.4875,5.4872,bcb-ptax-olinda,2024-08-13T13:09:28
2024-08-14,5.4496,5.4502,5.4498999999999995,bcb-ptax-olinda,2024-08-14T13:08:26
2024-08-15,5.4645,5.4651,5.4648,bcb-ptax-olinda,2024-08-15T13:11:27
2024-08-16,5.4626,5.4632,5.462899999999999,bcb-ptax-olinda,2024-08-16T13:05:26
2024-08-19,5.4231,5.4237,5.4234,bcb-ptax-olinda,2024-08-19T13:10:28
2024-08-20,5.4541,5.4547,5.4544,bcb-ptax-olinda,2024-08-20T13:05:29
2024-08-21,5.4701,5.4707,5.4704,bcb-ptax-olinda,2024-08-21T13:07:29
2024-08-22,5.5518,5.5524,5.552099999999999,bcb-ptax-olinda,2024-08-22T13:09:28
2024-08-23,5.5257,5.5263,5.526,bcb-ptax-olinda,2024-08-23T13:11:28
2024-08-26,5.4915,5.4921,5.4918,bcb-ptax-olinda,2024-08-26T13:12:40
2024-08-27,5.4963,5.4969,5.4966,bcb-ptax-olinda,2024-08-27T13:06:27
2024-08-28,5.5309,5.5315,5.5312,bcb-ptax-olinda,2024-08-28T13:11:27
2024-08-29,5.6352,5.6358,5.6355,bcb-ptax-olinda,2024-08-29T13:06:29
2024-08-30,5.6556,5.6562,5.6559,bcb-ptax-olinda,2024-08-30T13:03:31
2024-09-02,5.6224,5.623,5.6227,bcb-ptax-olinda,2024-09-02T13:08:26
2024-09-03,5.6218,5.6224,5.6221,bcb-ptax-olinda,2024-09-03T13:09:53
2024-09-04,5.6353,5.6359,5.6356,bcb-ptax-olinda,2024-09-04T13:10:25
2024-09-05,5.6043,5.6049,5.6046,bcb-ptax-olinda,2024-09-05T13:08:11
2024-09-06,5.5696,5.5702,5.5699000000000005,bcb-ptax-olinda,2024-09-06T13:05:28
2024-09-09,5.6091,5.6097,5.6094,bcb-ptax-olinda,2024-09-09T13:05:33
2024-09-10,5.6248,5.6254,5.6251,bcb-ptax-olinda,2024-09-10T13:10:31
2024-09-11,5.6381,5.6387,5.6384,bcb-ptax-olinda,2024-09-11T14:59:41
2024-09-12,5.6548,5.6554,5.6551,bcb-ptax-olinda,2024-09-12T13:09:32
2024-09-13,5.5711,5.5717,5.571400000000001,bcb-ptax-olinda,2024-09-13T13:06:29
2024-09-16,5.5201,5.5207,5.5204,bcb-ptax-olinda,2024-09-16T13:02:31
2024-09-17,5.5004,5.501,5.5007,bcb-ptax-olinda,2024-09-17T13:03:32
2024-09-18,5.4761,5.4767,5.4764,bcb-ptax-olinda,2024-09-18T13:11:29
2024-09-19,5.4183,5.4189,5.4186,bcb-ptax-olinda,2024-09-19T13:07:27
2024-09-20,5.4769,5.4775,5.4772,bcb-ptax-olinda,2024-09-20T13:02:38
2024-09-23,5.544,5.5446,5.5443,bcb-ptax-olinda,2024-09-23T13:04:14
2024-09-24,5.4696,5.4702,5.4699,bcb-ptax-olinda,2024-09-24T13:08:32
2024-09-25,5.473,5.4736,5.4733,bcb-ptax-olinda,2024-09-25T13:11:28
2024-09-26,5.4406,5.4412,5.4409,bcb-ptax-olinda,2024-09-26T13:09:31
2024-09-27,5.4425,5.4431,5.4428,bcb-ptax-olinda,2024-09-27T13:12:31
2024-09-30,5.4475,5.4481,5.4478,bcb-ptax-olinda,2024-09-30T13:08:57
2024-10-01,5.4515,5.4521,5.4518,bcb-ptax-olinda,2024-10-01T13:10:02
2024-10-02,5.4299,5.4305,5.4302,bcb-ptax-olinda,2024-10-02T13:13:14
2024-10-03,5.4844,5.485,5.4847,bcb-ptax-olinda,2024-10-03T13:06:31
2024-10-04,5.468,5.4686,5.4683,bcb-ptax-olinda,2024-10-04T13:11:35
2024-10-07,5.462,5.4626,5.4623,bcb-ptax-olinda,2024-10-07T13:04:28
2024-10-08,5.5191,5.5197,5.5194,bcb-ptax-olinda,2024-10-08T13:11:40
2024-10-09,5.5731,5.5737,5.5733999999999995,bcb-ptax-olinda,2024-10-09T13:09:40
2024-10-10,5.5813,5.5819,5.5816,bcb-ptax-olinda,2024-10-10T13:13:44
2024-10-11,5.6257,5.6263,5.6259999999999994,bcb-ptax-olinda,2024-10-11T13:04:30
2024-10-14,5.6039,5.6045,5.6042000000000005,bcb-ptax-olinda,2024-10-14T13:09:27
2024-10-15,5.6372,5.6378,5.6375,bcb-ptax-olinda,2024-10-15T13:06:27
2024-10-16,5.6743,5.6749,5.6746,bcb-ptax-olinda,2024-10-16T13:02:28
2024-10-17,5.6752,5.6758,5.6754999999999995,bcb-ptax-olinda,2024-10-17T13:03:30
2024-10-18,5.6666,5.6672,5.6669,bcb-ptax-olinda,2024-10-18T13:11:27
2024-10-21,5.7062,5.7068,5.7065,bcb-ptax-olinda,2024-10-21T13:03:32
2024-10-22,5.6952,5.6958,5.6955,bcb-ptax-olinda,2024-10-22T13:06:30
2024-10-23,5.7143,5.7149,5.7146,bcb-ptax-olinda,2024-10-23T13:03:29
2024-10-24,5.7081,5.7087,5.7084,bcb-ptax-olinda,2024-10-24T13:07:25
2024-10-25,5.6963,5.6969,5.6966,bcb-ptax-olinda,2024-10-25T13:11:30
2024-10-28,5.6982,5.6988,5.6985,bcb-ptax-olinda,2024-10-28T13:02:32
2024-10-29,5.7134,5.714,5.7137,bcb-ptax-olinda,2024-10-29T13:09:32
2024-10-30,5.7795,5.7801,5.7798,bcb-ptax-olinda,2024-10-30T13:05:35
2024-10-31,5.7773,5.7779,5.7776,bcb-ptax-olinda,2024-10-31T13:09:27
2024-11-01,5.8067,5.8073,5.807,bcb-ptax-olinda,2024-11-01T13:03:27
2024-11-04,5.7892,5.7898,5.7895,bcb-ptax-olinda,2024-11-04T13:02:46
2024-11-05,5.784,5.7846,5.7843,bcb-ptax-olinda,2024-11-05T13:08:29
2024-11-06,5.7642,5.7648,5.7645,bcb-ptax-olinda,2024-11-06T13:03:27
2024-11-07,5.6618,5.6624,5.662100000000001,bcb-ptax-olinda,2024-11-07T13:02:27
2024-11-08,5.7642,5.7648,5.7645,bcb-ptax-olinda,2024-11-08T13:05:28
2024-11-11,5.7974,5.798,5.7977,bcb-ptax-olinda,2024-11-11T13:02:29
2024-11-12,5.7688,5.7694,5.7691,bcb-ptax-olinda,2024-11-12T13:06:27
2024-11-13,5.7707,5.7713,5.771,bcb-ptax-olinda,2024-11-13T13:02:28
2024-11-14,5.7879,5.7885,5.7882,bcb-ptax-olinda,2024-11-14T13:06:28
2024-11-18,5.7597,5.7603,5.76,bcb-ptax-olinda,2024-11-18T13:10:28
2024-11-19,5.7737,5.7743,5.774,bcb-ptax-olinda,2024-11-19T13:06:31
2024-11-21,5.8167,5.8173,5.817,bcb-ptax-olinda,2024-11-21T13:11:27
2024-11-22,5.8118,5.8124,5.8121,bcb-ptax-olinda,2024-11-22T13:09:34
2024-11-25,5.7996,5.8002,5.7999,bcb-ptax-olinda,2024-11-25T13:08:26
2024-11-26,5.7984,5.799,5.7987,bcb-ptax-olinda,2024-11-26T13:12:53
2024-11-27,5.8285,5.8291,5.8288,bcb-ptax-olinda,2024-11-27T13:02:27
2024-11-28,5.9865,5.9871,5.986800000000001,bcb-ptax-olinda,2024-11-28T13:05:32
2024-11-29,6.0529,6.0535,6.0532,bcb-ptax-olinda,2024-11-29T13:07:34
2024-12-02,6.0628,6.0634,6.0631,bcb-ptax-olinda,2024-12-02T13:08:27
2024-12-03,6.0701,6.0707,6.0704,bcb-ptax-olinda,2024-12-03T13:06:28
2024-12-04,6.0575,6.0581,6.0578,bcb-ptax-olinda,2024-12-04T13:02:28
2024-12-05,5.9843,5.9849,5.9846,bcb-ptax-olinda,2024-12-05T13:06:30
2024-12-06,6.0287,6.0293,6.029,bcb-ptax-olinda,2024-12-06T13:07:27
2024-12-09,6.0564,6.057,6.0567,bcb-ptax-olinda,2024-12-09T13:10:28
2024-12-10,6.0523,6.0529,6.0526,bcb-ptax-olinda,2024-12-10T13:11:51
2024-12-11,6.0314,6.032,6.0317,bcb-ptax-olinda,2024-12-11T13:05:29
2024-12-12,5.9402,5.9408,5.9405,bcb-ptax-olinda,2024-12-12T13:10:28
2024-12-13,6.0394,6.04,6.0397,bcb-ptax-olinda,2024-12-13T13:11:29
2024-12-16,6.0504,6.0509,6.05065,bcb-ptax-olinda,2024-12-16T13:11:37
2024-12-17,6.1679,6.1685,6.168200000000001,bcb-ptax-olinda,2024-12-17T13:02:29
2024-12-18,6.1618,6.1624,6.162100000000001,bcb-ptax-olinda,2024-12-18T13:05:29
2024-12-19,6.1835,6.1841,6.1838,bcb-ptax-olinda,2024-12-19T13:03:32
2024-12-20,6.0774,6.078,6.0777,bcb-ptax-olinda,2024-12-20T13:08:36
2024-12-23,6.1606,6.1612,6.1609,bcb-ptax-olinda,2024-12-23T13:03:27
2024-12-24,6.1527,6.1541,6.1533999999999995,bcb-ptax-olinda,2024-12-24T11:10:05
2024-12-26,6.165,6.1656,6.1653,bcb-ptax-olinda,2024-12-26T13:09:30
2024-12-27,6.1985,6.1991,6.1988,bcb-ptax-olinda,2024-12-27T13:03:30
2024-12-30,6.1917,6.1923,6.192,bcb-ptax-olinda,2024-12-30T13:06:26
2024-12-31,6.1917,6.1923,6.192,bcb-ptax-olinda,2024-12-31T10:04:09
2025-01-02,6.208,6.2086,6.2082999999999995,bcb-ptax-olinda,2025-01-02T13:09:42
2025-01-03,6.1557,6.1563,6.156000000000001,bcb-ptax-olinda,2025-01-03T13:07:30
2025-01-06,6.1113,6.1119,6.1116,bcb-ptax-olinda,2025-01-06T13:06:28
2025-01-07,6.0735,6.0741,6.0738,bcb-ptax-olinda,2025-01-07T13:03:28
2025-01-08,6.1315,6.1321,6.1318,bcb-ptax-olinda,2025-01-08T13:08:59
2025-01-09,6.089,6.0896,6.0893,bcb-ptax-olinda,2025-01-09T13:03:27
2025-01-10,6.0959,6.0965,6.0962,bcb-ptax-olinda,2025-01-10T13:04:30
